Ev Resmi,Emlak Tipi,İlan Basligi,Ev Fiyatı,Oda Sayisi,Ev MetreKare,Bina Yasi,Bina Kati,Adres
,Daire,KIŞ BAHÇELİ ŞIK TASARIMIYLA BAHÇE KAT DAİRE FIRSATI !!!,749.000,2 + 1,100 m,4 Yaşında,Bahçe Katı,"Esenyurt, Talatpaşa Mahallesi"
,Daire,KOLEJLER BÖLGESİNDE ŞIK TASARIMLI SATILIK 3+2 DUBLEKS,3.249.999,3 + 2,250 m,4 Yaşında,Bahçe Katı,"Beylikdüzü, Kavaklı Mahallesi"
,Daire,DENİZ MANZARALI TERASINIZDA KEYİF YAPACAĞINIZ 5+2 VİLLANIZ HAZIR,8.200.000,5 + 2,550 m,4 Yaşında,Bahçe Katı,"Beylikdüzü, Adnan Kahveci Mahallesi"
https://hecdn01.hemlak.com/mncropresize/280/210/ds01/6/8/7/5/7/3/7/3/1653500985-9984422-37375786.jpeg,Daire,Nişantaşı Abdi İpekçi Caddede Köşe Manzaralı Satılık Konut,19.000.000,3 + 1,150 m,30 Yaşında,Bahçe Katı,"Şişli, Harbiye Mahallesi"
https://hecdn01.hemlak.com/mncropresize/280/210/ds01/2/3/6/7/2/5/6/3/21470e53-3194-48ca-bec4-64902fba6c60.jpg,Daire,Nişantaşı Abdi İpekçi Caddede Satılık Showroom,27.000.000,2 + 1,130 m,40 Yaşında,Bahçe Katı,"Şişli, Harbiye Mahallesi"
https://hecdn01.hemlak.com/mncropresize/280/210/ds01/3/9/1/3/8/8/9/3/7b1a558b-9889-4048-9244-deb82d095e35.jpg,Daire,KOMİSYONSUZ ŞIK TASARIMIYLA ÖN CEPHE YÜKSEK GİRİŞ DAİRE FIRSATI,849.000,2 + 1,85 m,8 Yaşında,Bahçe Katı,"Esenyurt, Atatürk Mahallesi"
,None,,None,,None,,Bahçe Katı,None None
https://hecdn01.hemlak.com/mncropresize/280/210/ds01/0/6/0/8/5/5/8/3/0d5e381f-b19f-4db0-9eab-a875e8c74517.jpg,Residence,"ETİLER MAYA RESİDENCES SATILIK 2,5+1 ARA KAT DAİRE",27.000.000,2 + 1,210 m,15 Yaşında,Bahçe Katı,"Beşiktaş, Etiler Mahallesi"
https://hecdn01.hemlak.com/mncropresize/280/210/ds01/7/3/7/0/8/2/7/3/f37324bc-71ae-4846-bc08-b5f03a9759f5.jpg,Daire,BEŞİKTAŞ BEBEK KORTEL SATILIK DENİZ MANZARALI ÇATI DUBLEKS,40.000.000,4 + 1,220 m,30 Yaşında,Bahçe Katı,"Beşiktaş, Bebek Mahallesi"
https://hecdn01.hemlak.com/mncropresize/280/210/ds01/0/6/6/8/7/7/8/3/54a69087-76ce-4cee-a5a4-4f80c47384eb.jpg,Daire,ETİLER ÇAMLIK SATILIK 3+1 MODERN DAİRE,14.000.000,3 + 1,180 m,35 Yaşında,Bahçe Katı,"Beşiktaş, Etiler Mahallesi"
,None,,None,,None,,Bahçe Katı,None None
https://hecdn01.hemlak.com/mncropresize/280/210/ds01/4/0/9/9/7/2/9/3/11345ad8-7050-4aa0-898a-064626f152d4.jpg,Residence,ETİLER MAYA RESİDENCES SATILIK 1+1 MUHTEŞEM DAİRE,12.000.000,1 + 1,110 m,20 Yaşında,Bahçe Katı,"Beşiktaş, Etiler Mahallesi"
https://hecdn01.hemlak.com/mncropresize/280/210/ds01/0/7/6/1/1/8/9/3/7543d2f9-d201-40b8-90c0-8f2ada4ceb8f.jpg,Daire,AVRUPA KONUTLARI TEM SATILIK 2+1 MANZARALI DAİRE,5.450.000,2 + 1,124 m,5 Yaşında,Bahçe Katı,"Gaziosmanpaşa, Karayolları Mahallesi"
https://hecdn01.hemlak.com/mncropresize/280/210/ds01/8/1/4/3/9/8/9/3/46ab5275-c676-474f-801b-a6753edb80d2.jpg,Daire,EMSALSİZ TASARIMIYLA ULTRA GENİŞ KAÇIRILMAYACAK DÜZ GİRİŞ DAİRE !!!,839.000,2 + 1,120 m,3 Yaşında,Bahçe Katı,"Esenyurt, İstiklal Mahallesi"
,None,,None,,None,,Bahçe Katı,None None
https://hecdn01.hemlak.com/mncropresize/280/210/ds01/5/8/9/8/0/8/8/3/47f18b31-c416-46ff-b646-b75a385ccd5b.jpg,Daire,Cennet Mahallesinde Satılık 3+1 118 m2 2.Kat K.Otoparklı Ön Cepheli Daire,3.250.000,3 + 1,118 m,5 Yaşında,Bahçe Katı,"Küçükçekmece, Cennet Mahallesi"
https://hecdn01.hemlak.com/mncropresize/280/210/ds01/6/1/7/2/9/3/9/3/3b8a8d0e-0c28-47ce-b6fe-999bb020e1f3.jpg,Daire,ULUS TEKİN GÜNVER'DE 230 M2 4+1 OTOPARKLI FERAH DAİRE,11.750.000,4 + 1,230 m,36 Yaşında,Bahçe Katı,"Beşiktaş, Ulus Mahallesi"
https://hecdn01.hemlak.com/mncropresize/280/210/ds01/9/2/6/5/8/7/9/3/1c382782-c84d-4b59-8ffc-492fa7e59b19.jpg,Daire,ÜSKÜDAR MİMAR SİNAN DA BOĞAZ MANZARALI 2+1 SATILIK DAİRE,4.300.000,2 + 1,70 m,Sıfır Bina,Bahçe Katı,"Üsküdar, Mimar Sinan Mahallesi"
,None,,None,,None,,Bahçe Katı,None None
https://hecdn01.hemlak.com/mncropresize/280/210/ds01/2/2/5/4/4/7/9/3/3db2acb6-427a-4197-bde9-f107d5986dbb.jpg,Daire,Zekeriyaköy Ormanada 'ya Komşu Satılık Çatı Dubleks Daire,6.900.000,3 + 1,137 m,Sıfır Bina,Bahçe Katı,"Sarıyer, Uskumruköy Mahallesi"
https://hecdn01.hemlak.com/mncropresize/280/210/ds01/8/9/6/1/4/7/9/3/8de4a454-927e-409e-819e-3bb85eb6b431.jpg,Villa,Zekeriyaköy Park Ada Evleri 2 'de 4+1 Bahçeli Tripleks,8.800.000,4 + 1,260 m,Sıfır Bina,Bahçe Katı,"Sarıyer, Uskumruköy Mahallesi"
https://hecdn01.hemlak.com/mncropresize/280/210/ds01/3/9/0/1/6/1/9/3/6c48ed99-d484-4b9f-a685-ddc563eb2a9b.jpg,Daire,Etiler'de Merkezi Lokasyon ve Yeni Binada 3+1 Daire Satılıktır,12.000.000,3 + 1,130 m,3 Yaşında,Bahçe Katı,"Beşiktaş, Etiler Mahallesi"
,None,,None,,None,,Bahçe Katı,None None
https://hecdn01.hemlak.com/mncropresize/280/210/ds01/4/3/8/8/2/4/9/3/a598d28e-b2f0-4ca8-89ed-3b74bc384650.jpg,Villa,"Sedadkent 'te Büyük Bahçeli, Havuzlu, Manzaralı ÇOK ŞIK Villa",72.000.000,8 + 2,900 m,26 Yaşında,Bahçe Katı,"Sarıyer, Çayırbaşı Mahallesi"
,Yalı Dairesi,Rumeli Hisarı'nda Muhteşem Boğaz Manzaralı Yalı Dairesi,33.500.000,3 + 1,140 m,45 Yaşında,2. Kat,"Sarıyer, Baltalimanı Mahallesi"
,Daire,SUADİYE'DE VİLLA TADINDA 3+1 130M2 ULTRA LÜKS BAHÇE KATI MARMARAY BAĞDAT CADDESİNE YAKIN,5.345.000,3 + 1,130 m,40 Yaşında,2. Kat,"Kadıköy, Suadiye Mahallesi"
,Daire,"C21 Elite'den; Erenköy'de 170m²net 4+1 Ebeveyn Banyolu, Balkonlu",9.000.000,4 + 1,200 m,21 Yaşında,2. Kat,"Kadıköy, Erenköy Mahallesi"
https://hecdn01.hemlak.com/mncropresize/280/210/ds01/9/2/8/9/0/8/9/3/3eaf3b39-936c-42a5-99c2-3caf8ececc9a.jpg,Daire,ÇEVİK YAPI EMLAK TAN  SANCAKTEPE EYÜP SULTAN MAHALLESİNDEN SATILIK LUKS DÜBLEKS,4.200.000,5 + 1,220 m,6 Yaşında,2. Kat,"Sancaktepe, Eyüp Sultan Mahallesi"
https://hecdn01.hemlak.com/mncropresize/280/210/ds01/2/8/6/3/6/8/9/3/1669310139050-39863682.jpg,Daire,KANDİLLİ BOĞAZİÇİ EVLERİNDE ACİL  SATILIK BAHÇE KULLANIMLI 2-1  98 M2 NET,4.950.000,2 + 1,110 m,16 Yaşında,2. Kat,"Üsküdar, Küçüksu Mahallesi"
https://hecdn01.hemlak.com/mncropresize/280/210/ds01/0/3/6/6/7/8/9/3/4b29360f-4381-460c-8404-689a20971e46.jpg,Daire,BEYLİKDÜZÜ BAŞKENT YAPI'DAN METROBÜSE 13DK FULL YAPILI 2+1 DAİRE,1.300.000,2 + 1,115 m,4 Yaşında,2. Kat,"Beylikdüzü, Cumhuriyet Mahallesi"
,None,,None,,None,,2. Kat,None None
https://hecdn01.hemlak.com/mncropresize/280/210/ds01/7/0/1/8/5/7/9/3/1667630717562-39758107.jpg,Daire,"TEŞVİKİYE HÜSREV GEREDE CADDESİ ÜZERİ, YÜKSEK TAVANLI, ÇOK FERAH, 3+1, KÖŞE DAİRE",13.750.000,3 + 1,210 m,50 Yaşında,2. Kat,"Şişli, Teşvikiye Mahallesi"
https://hecdn01.hemlak.com/mncropresize/280/210/ds01/0/9/5/4/6/1/9/3/1b8e59fa-3fe3-4284-916e-75763a1c3e49.jpg,Daire,TEŞVİKİYE CADDESİ CITY'S KARŞISI KONUT VE MUAYENEHANEYE UYGUN FIRSAT,17.550.000,4 + 1,220 m,50 Yaşında,2. Kat,"Şişli, Teşvikiye Mahallesi"
https://hecdn01.hemlak.com/mncropresize/280/210/ds01/7/6/6/6/7/8/9/3/fc4ab4c7-15e3-42c1-a765-29610e110751.jpg,Daire,BEYLİKDÜZÜ BAŞKENT YAPI'DAN MERKEZİ LOKASYONDA SATILIK 2+1 DAİRE,995.000,2 + 1,120 m,4 Yaşında,2. Kat,"Esenyurt, Cumhuriyet Mahallesi"
,None,,None,,None,,2. Kat,None None
https://hecdn01.hemlak.com/mncropresize/280/210/ds01/2/9/6/9/2/0/8/3/12b1fae1-fa4d-4d9d-b387-1022b98cb833.jpg,Daire,"NİŞANTAŞI'NDA, TARİHİ BİNADA, YÜKSEK TAVANLI ve GENİŞ BALKONLU ÖZEL DAİRE",20.600.000,5 + 1,320 m,80 Yaşında,2. Kat,"Şişli, Teşvikiye Mahallesi"
https://hecdn01.hemlak.com/mncropresize/280/210/ds01/4/9/2/7/8/8/9/3/976babce-5086-42ca-b360-c252bd81da43.jpg,Daire,MEGA WORLD'DEN SARIYER KİLYOS 'DA MERKEZDE FULL DENİZ MANZARALI ŞÖMİNELİ DAİRE,2.750.000,3 + 1,160 m,20 Yaşında,2. Kat,"Sarıyer, Kumköy Mahallesi"
https://hecdn01.hemlak.com/mncropresize/280/210/ds01/8/3/8/4/5/3/9/3/72e37322-e0b9-44af-9152-35cbf5a1767c.jpg,Daire,"ARTI'dan 'Tek Yetkili' NARCITY'de Doğa Manzaralı 100 m² Müstakil Bahçeli Satılık 3,5+1",8.200.000,3 + 1,155 m,14 Yaşında,2. Kat,"Maltepe, Başıbüyük Mahallesi"
,None,,None,,None,,2. Kat,None None
https://hecdn01.hemlak.com/mncropresize/280/210/ds01/9/1/8/6/6/8/9/3/1669372308-892185-39866819.jpeg,Daire,ÖMERPAŞA CADDESİNDE 115 M2 NET KAPALI OTOPARK BALKON KOMBİLİ,9.300.000,3 + 1,145 m,21 Yaşında,2. Kat,"Kadıköy, Erenköy Mahallesi"
https://hecdn01.hemlak.com/mncropresize/280/210/ds01/6/1/6/9/6/8/9/3/3fc88790-6bbf-46aa-9c66-26e11af63d6e.jpg,Daire,SERNADAN YETKİLİ GENERAL NECMİ ÖKTEN SOKAKTA 7 YILLIK BİNADA BALKONLU 3+1,9.800.000,3 + 1,125 m,7 Yaşında,2. Kat,"Kadıköy, Erenköy Mahallesi"
https://hecdn01.hemlak.com/mncropresize/280/210/ds01/3/6/0/5/8/8/9/3/8af66baa-d0ce-4129-8c3e-14780eb25313.jpg,Daire,ARTI'dan 'Tek Yetkili' Kat Mülkiyetli 3 Yöne Cepheli Lüks 2+1...,3.100.000,2 + 1,105 m,7 Yaşında,2. Kat,"Maltepe, Altıntepe Mahallesi"
,None,,None,,None,,2. Kat,None None
https://hecdn01.hemlak.com/mncropresize/280/210/ds01/8/5/0/4/7/8/9/3/a21427b1-30b7-48e0-9c78-9f3054b232f7.jpg,Daire,FATİH MEVLANAKAPI MAH. SATLIK 2+1  BAHÇE KATI 75 M2 DAİRE,950.000,2 + 1,85 m,30 Yaşında,2. Kat,"Fatih, Mevlanakapı Mahallesi"
https://hecdn01.hemlak.com/mncropresize/280/210/ds01/9/1/9/3/5/7/9/3/a621e633-4cfd-4e52-8a49-dac15a3577c3.jpg,Residence,ETİLER MAYA RESİDENCES SATILIK 3+1 FERAH DAİRE,31.500.000,3 + 1,210 m,15 Yaşında,2. Kat,"Beşiktaş, Etiler Mahallesi"
https://hecdn01.hemlak.com/mncropresize/280/210/ds01/3/1/9/1/4/5/7/3/3a4d4216-4a2c-4465-aeb0-93d9eab3159e.jpg,Residence,ETİLER SATILIK MAYA RESİDENCE 6+1 PENTHOUSE,120.000.000,6 + 1,500 m,15 Yaşında,2. Kat,"Beşiktaş, Etiler Mahallesi"
,None,,None,,None,,2. Kat,None None
https://hecdn01.hemlak.com/mncropresize/280/210/ds01/6/9/9/8/6/7/8/3/9f990294-be0c-4e3e-ab17-36d1d42472b3.jpg,Residence,MASLAK SATILIK SPİNE TOWER 4+1 DUBLEKS DAİRE,28.500.000,4 + 1,256 m,10 Yaşında,2. Kat,"Sarıyer, Maslak Mahallesi"
,Daire,BEŞİKTAŞ ETİLER SATILIK BUTİK SİTEDE ÇATI DUBLEKS,55.000.000,5 + 1,330 m,16 Yaşında,Çatı Katı,"Beşiktaş, Etiler Mahallesi"
,Daire,İSTİNYEPARK EVLERİ SATILIK 2+1 DAİRE,15.000.000,2 + 1,130 m,15 Yaşında,Çatı Katı,"Sarıyer, Pınar Mahallesi"
,Villa,"Çamlık Villaları, Müstakil Havuz, 2.000 m2 Arazi, Satılık Villa",29.000.000,6 + 1,320 m,16 Yaşında,Çatı Katı,"Çekmeköy, Nişantepe Mahallesi"
https://hecdn01.hemlak.com/mncropresize/280/210/ds01/6/8/4/9/7/8/9/3/1669621659-200341-39879486.jpeg,Daire,Çekmeköy Ormanköy’de Satılık 5+1 Dubleks Daire,18.500.000,5 + 1,422 m,Sıfır Bina,Çatı Katı,"Çekmeköy, Soğukpınar Mahallesi"
https://hecdn01.hemlak.com/mncropresize/280/210/ds01/7/6/0/6/9/0/9/3/a78e49c8-d11b-4618-8df0-4e8e04ca6923.jpg,Daire,▃BİRİKİM▃ TEK YETKİLİ ! Altıntepe'de Sıfır Binada 1.Katta 2+1,2.575.000,2 + 1,95 m,Sıfır Bina,Çatı Katı,"Maltepe, Altıntepe Mahallesi"
https://hecdn01.hemlak.com/mncropresize/280/210/ds01/0/4/1/4/7/8/9/3/cb3f7593-5209-47f6-a8a0-01fb9aceb5ae.jpg,Bina,FATİH ALİPAŞADA SATLIK 2 KATLI  2.DERECE TARİHİ  BİNA,3.650.000,10 + 3,350 m,150 Yaşında,Çatı Katı,"Fatih, Koca Mustafapaşa Mahallesi"
,None,,None,,None,,Çatı Katı,None None
https://hecdn01.hemlak.com/mncropresize/280/210/ds01/9/6/3/8/6/8/9/3/f2d477dc-9cd1-42f3-be3b-9e38456122b5.jpg,Daire,NİŞANTAŞI VALİKONAĞINDA YENİLENMİŞ BAHÇELİ SATILIK 2+1 DAİRE,9.900.000,2 + 1,150 m,35 Yaşında,Çatı Katı,"Şişli, Meşrutiyet Mahallesi"
https://hecdn01.hemlak.com/mncropresize/280/210/ds01/1/1/6/6/0/7/9/3/a5e2b46c-0f06-4b6c-a7df-26c59d7f692a.jpg,Daire,Taksim Gezi Parkı karşısında tarihi binada Satılık Daire,9.500.000,3 + 1,200 m,68 Yaşında,Çatı Katı,"Beyoğlu, Kocatepe Mahallesi"
https://hecdn01.hemlak.com/mncropresize/280/210/ds01/7/2/6/3/6/1/7/3/53d87c22-b140-4e86-a36e-617d83d502fc.jpg,Bina,Beşiktaş Bebek Kortel Korusunda Boğaz Manzaralı Satılık Bina,147.000.000,3 + 1,1.200 m,35 Yaşında,Çatı Katı,"Beşiktaş, Bebek Mahallesi"
,None,,None,,None,,Çatı Katı,None None
https://hecdn01.hemlak.com/mncropresize/280/210/ds01/2/7/0/3/2/7/9/3/9a26179d-8019-4970-98c1-019a4c061574.jpg,Daire,▃BİRİKİM▃ TEK YETKİLİ ! İdealtepe Sahilde 3.Katta Lüks Ön 2+1,4.150.000,2 + 1,100 m,6 Yaşında,Çatı Katı,"Maltepe, İdealtepe Mahallesi"
https://hecdn01.hemlak.com/mncropresize/280/210/ds01/8/9/9/3/9/3/9/3/426c1bc9-1d09-44fd-b2db-73ba28483c4c.jpg,Residence,"Kağıthane ROSEHILL Residence da, 2+1 Lüks Daire - SUITABLE FOR CITIZENSHIP",4.000.000,2 + 1,110 m,3 Yaşında,Çatı Katı,"Kağıthane, Gültepe Mahallesi"
https://hecdn01.hemlak.com/mncropresize/280/210/ds01/9/3/4/5/9/2/9/3/508fad83-a972-4af7-a99e-0d33be9d1f8e.jpg,Daire,ARTI'dan 'Tek Yetkili' Bostancı'da Güvenlikli Site İçinde 3+1...,2.850.000,3 + 1,135 m,28 Yaşında,Çatı Katı,"Kadıköy, Bostancı Mahallesi"
,None,,None,,None,,Çatı Katı,None None
https://hecdn01.hemlak.com/mncropresize/280/210/ds01/9/0/6/0/6/8/9/3/7096a3c1-8d88-44d6-bb2e-8d1ffee7a6df.jpg,Daire,"MAÇKA ARMANİ REZİDANSTA BOĞAZ MANZARALI SATILIK 2,5+1 DAİRE",44.000.000,3 + 1,200 m,7 Yaşında,Çatı Katı,"Beşiktaş, Vişnezade Mahallesi"
https://hecdn01.hemlak.com/mncropresize/280/210/ds01/9/1/2/8/5/8/9/3/d06b7126-a346-4573-98f3-849cd34a721f.jpg,Daire,Kağıthane Ross Garden Residence'ta 2+1 Daire,2.700.000,2 + 1,100 m,2 Yaşında,Çatı Katı,"Kağıthane, Şirintepe Mahallesi"
https://hecdn01.hemlak.com/mncropresize/280/210/ds01/8/0/7/1/7/7/9/3/af3c393e-28e6-46e0-9bce-f7fd52191a74.jpg,Daire,2+1 Orhantepe -FOR-S GAYRİMENUL- Yatırımlık/Topraktan,2.550.000,2 + 1,85 m,Sıfır Bina,Çatı Katı,"Kartal, Orhantepe Mahallesi"
,None,,None,,None,,Çatı Katı,None None
https://hecdn01.hemlak.com/mncropresize/182/137/ds01/6/0/0/1/7/1/9/3/3bbe6be1-e9d9-4797-b7d5-af46497da645.jpg,Daire,CONCEPT'EMLAK'TAN TEK YETKİLİ HARİKA KONUMDA EŞSİZ 2+1 TRİPLEX,3.250.000,2 + 1,150 m,26 Yaşında,Çatı Katı,"Maltepe, İdealtepe Mahallesi"
https://hecdn01.hemlak.com/mncropresize/182/137/ds01/3/7/4/9/6/5/9/3/666ddb33-fd21-4d2f-80e5-e16b9be99e61.jpg,Daire,CONCEPT EMLAK TAN MARMARAY VE SAHİLE YAKIN HARİKA BAHÇELİ SIFIR LÜKS 2+1,3.650.000,2 + 1,90 m,Sıfır Bina,Çatı Katı,"Kadıköy, Bostancı Mahallesi"
https://hecdn01.hemlak.com/mncropresize/182/137/ds01/1/6/8/4/6/8/9/3/c3bc244e-d71f-472d-8a2f-5fcbebff7166.jpeg,Daire,BÖLGENİN EN GENİŞ VE EN UCUZ DAİRESİ SATIŞTA! BU DAİRE KAÇMAZ!!,799.000,2 + 1,100 m,5 Yaşında,Çatı Katı,"Esenyurt, Atatürk Mahallesi"
,None,,None,,None,,Çatı Katı,None None
https://hecdn01.hemlak.com/mncropresize/182/137/ds01/8/6/8/4/6/8/9/3/44916272-a90f-49fb-9ea0-78884816461d.jpeg,Daire,GERÇEK KONUM GERÇEK FİYAT ŞAKA GİBİ AMA GERÇEK!!!,625.000,2 + 1,100 m,Sıfır Bina,Çatı Katı,"Esenyurt, Pınar Mahallesi"
,Daire,ESENYURT YENİKENT MH DE 2+1 85M BAHÇEKAT 599BİN,599.000,2 + 1,85 m,5 Yaşında,Bahçe Katı,"Esenyurt, Sultaniye Mahallesi"
,Daire,ESENYURT MEHTERÇEŞME MH DE 2+1 DÜZ GİRİŞ 90M,849.000,2 + 1,90 m,5 Yaşında,Bahçe Katı,"Esenyurt, Mehterçeşme Mahallesi"
,Daire,FİYATI DÜŞÜRDÜK BU HAFTAYA ÖZEL 3+1BAHÇEKAT ÇOK GENİŞ130M FUUL DEKORLU,789.000,3 + 1,130 m,5 Yaşında,Bahçe Katı,"Esenyurt, Pınar Mahallesi"
https://hecdn01.hemlak.com/mncropresize/182/137/ds01/3/5/8/4/9/7/9/3/d856a11c-21f9-454f-94fc-91e70fd783fe.jpg,Daire,BU FİYATA DAİRE VARMI DEMEYİN GELİN GÖRÜN 90M 2+1 BAHÇE KAT,499.000,2 + 1,90 m,5 Yaşında,Bahçe Katı,"Esenyurt, Selahaddin Eyyubi Mahallesi"
https://hecdn01.hemlak.com/mncropresize/182/137/ds01/6/1/6/8/6/6/9/3/5f0ac8e3-be89-4881-a697-67128b242537.jpg,Daire,ESENYURT ÜÇEVLER MH DE BAHÇELİ İSKANLI MASRAFSIZ FUUL YAPILI 100M,685.000,2 + 1,100 m,4 Yaşında,Bahçe Katı,"Esenyurt, Üçevler Mahallesi"
https://hecdn01.hemlak.com/mncropresize/182/137/ds01/7/0/3/4/9/8/9/3/aef59de8-0215-43af-8dc5-f822cc1dfb3b.jpg,Daire,ÖZKAN GAYRİMENKUL ŞİLE MERKEZ SATILIK BAKIMLI DAİRE 2+1,1.540.000,2 + 1,80 m,10 Yaşında,Bahçe Katı,"Şile, Çavuş Mahallesi"
,None,,None,,None,,Bahçe Katı,None None
https://hecdn01.hemlak.com/mncropresize/182/137/ds01/1/3/6/4/5/2/9/3/1a2271d9-34bd-409f-bb68-9828ab4fe299.jpg,Villa,ÖZKAN GYRMKL DEN ŞİLE ÇAVUŞ MAH SATILIK VİLLA KÖŞE SIFIR 5+1,12.000.000,5 + 1,250 m,Sıfır Bina,Bahçe Katı,"Şile, Kumbaba Mahallesi"
https://hecdn01.hemlak.com/mncropresize/182/137/ds01/6/5/4/6/3/6/9/3/8ad4fe16-e108-4fb8-85ce-dc1ce3600f8b.jpg,Daire,SATILIK ÇENGELKÖY ÇATI DUBLEKS'İ 0 DAİRE,8.500.000,4 + 1,200 m,Sıfır Bina,Bahçe Katı,"Üsküdar, Güzeltepe Mahallesi"
https://hecdn01.hemlak.com/mncropresize/182/137/ds01/8/8/8/6/5/8/9/3/614a622a-af4f-4091-b41c-58e216d3ed9e.jpg,Daire,MUKEMMEL SATILIK EŞYALI 1+1,1.450.000,1 + 1,65 m,4 Yaşında,Bahçe Katı,"Esenyurt, Piri Reis Mahallesi"
,None,,None,,None,,Bahçe Katı,None None
https://hecdn01.hemlak.com/mncropresize/182/137/ds01/3/0/3/7/6/8/9/3/d38ee9de-66c2-455d-9e2f-3de785b01601.jpg,Daire,SUADİYE Point'den  7 YILLIK BİNADA 220M2 DUBLEKS SATILIK DAİRE,14.950.000,4 + 1,220 m,7 Yaşında,Bahçe Katı,"Kadıköy, Suadiye Mahallesi"
https://hecdn01.hemlak.com/mncropresize/182/137/ds01/4/1/3/7/7/6/9/3/e63614cf-7cd7-4110-a85f-5c8d54b9f569.jpg,Daire,SUADİYE Point'den MARMARAYA VE METROYA YAKIN 110M2 2+1 SIFIR SATILIK DAİRE,4.900.000,2 + 1,110 m,Sıfır Bina,Bahçe Katı,"Kadıköy, Suadiye Mahallesi"
https://hecdn01.hemlak.com/mncropresize/182/137/ds01/2/8/6/9/9/3/9/3/723c02a9-8c3f-4678-8064-12c13bbeb3ca.jpg,Daire,GÖZTEPE Point'den CADDEYE YAKIN 150M2 3+1 SATILIK DAİRE,6.850.000,3 + 1,150 m,35 Yaşında,Bahçe Katı,"Kadıköy, Göztepe Mahallesi"
,None,,None,,None,,Bahçe Katı,None None
https://hecdn01.hemlak.com/mncropresize/182/137/ds01/2/9/3/4/8/2/9/3/cb59393e-73c1-4524-b2f2-1dc8248ca1c9.jpg,Daire,SUADİYE Point'den MARMARAYA YAKIN 100M2 2+1 SATILIK DAİRE,4.900.000,2 + 1,100 m,Sıfır Bina,Bahçe Katı,"Kadıköy, Suadiye Mahallesi"
https://hecdn01.hemlak.com/mncropresize/182/137/ds01/7/6/2/3/7/7/9/3/49dd1a4a-647e-4289-995e-6cfa9655c4bd.jpg,Daire,"CADDEBOSTAN PLAJ YOLUNDA,VATANDAŞLIĞA UYGUN İÇİ KOMPLE YENİLENMİŞ BALKONLU 3+1",8.400.000,3 + 1,130 m,22 Yaşında,Bahçe Katı,"Kadıköy, Caddebostan Mahallesi"
https://hecdn01.hemlak.com/mncropresize/182/137/ds01/3/0/6/9/0/7/9/3/1f4ac35c-8592-4b3f-aabb-e2a9740ed2c8.jpg,Daire,ERENKÖY'DE DENİZ MANZARALI TERASLI 3 BANYOLU 220 M2 4+2 DUBLEKS,9.450.000,4 + 2,220 m,4 Yaşında,Bahçe Katı,"Kadıköy, Erenköy Mahallesi"
,None,,None,,None,,Bahçe Katı,None None
https://hecdn01.hemlak.com/mncropresize/182/137/ds01/4/9/8/8/6/2/9/3/1660038989051-39268894.jpg,Villa,Silivri Ortaköy'de Satılık 3+1 Sıfır Müstakil Villa,5.700.000,3 + 1,220 m,Sıfır Bina,Bahçe Katı,"Silivri, Ortaköy Mahallesi"
https://hecdn01.hemlak.com/mncropresize/182/137/ds01/1/6/1/7/5/5/9/3/7f547b9b-ba18-4460-acb3-1b15e958cce0.jpeg,Daire,Eyüpsultan Güzeltepe'de Satılık 2+1 Ara Kat Daire,2.100.000,2 + 1,95 m,5 Yaşında,Bahçe Katı,"Eyüpsultan, Güzeltepe Mahallesi"
https://hecdn01.hemlak.com/mncropresize/182/137/ds01/2/7/3/3/0/5/9/3/46122b87-e2a2-4aab-b1c2-5c7a311d7fdb.jpg,Daire,GÖZTEPEDE 3+1 NET 128 M2 LÜKS DAİRE İKİ ARAÇLIK KAPALI OTOPARK,9.850.000,3 + 1,224 m,Sıfır Bina,Bahçe Katı,"Kadıköy, Göztepe Mahallesi"
,None,,None,,None,,Bahçe Katı,None None
https://hecdn01.hemlak.com/mncropresize/182/137/ds01/5/7/1/0/0/9/6/3/1625660553346-36900175.jpg,Daire,GÖZTEPE TÜTÜNCÜ MEHMET EFENDİ ÜZERİ ULTRA LÜKS 3+2 DUBLEKS İSKANLI,9.250.000,3 + 2,160 m,Sıfır Bina,Bahçe Katı,"Kadıköy, Göztepe Mahallesi"
,Daire,BAHÇEŞEHİR LOKASYONUNDA GENİŞ 2+1 OTURUMA HAZIR SATILIK DAİRE,1.640.000,2 + 1,120 m,Sıfır Bina,3. Kat,"Başakşehir, Bahçeşehir 2. Kısım Mahallesi"
,Daire,LÜX TASARIMLI KULLANIMA HAZIR ŞIK 2+1 SATILIK DAİRE FIRSATI,679.000,2 + 1,110 m,Sıfır Bina,3. Kat,"Esenyurt, Üçevler Mahallesi"
,Daire,DOĞAN ARASLI BULVARININ DİBİNDE EFSANE GENİŞ 2+1 SATILIK DAİRE,1.399.000,2 + 1,120 m,Sıfır Bina,3. Kat,"Avcılar, Firuzköy Mahallesi"
https://hecdn01.hemlak.com/mncropresize/182/137/ds01/3/1/7/3/7/6/9/3/5b35e385-fda5-4914-abdb-dbbafed8a8e6.jpg,Daire,115 METREKARE SIFIR EBEBEYN BANYOLU  2+1 İSKANLI شقه للبيع,620.000,2 + 1,125 m,Sıfır Bina,3. Kat,"Beylikdüzü, Cumhuriyet Mahallesi"
https://hecdn01.hemlak.com/mncropresize/182/137/ds01/3/7/8/8/1/7/9/3/53bc6386-1f16-4472-9cb9-71a9a05631c0.jpg,Müstakil Ev,EREN EMLAKTAN İSTANBUL FATİH YEDİKULEDE SATILIK 3 KATLI MÜSTAKİL EV,2.350.000,3 + 1,120 m,50 Yaşında,3. Kat,"Fatih, Yedikule Mahallesi"
https://hecdn01.hemlak.com/mncropresize/182/137/ds01/8/0/1/8/4/8/9/3/456721af-8da6-4314-b310-39a0f3974ee9.jpg,Daire,ALTAYÇEŞME ROSA MALTEPE DELUXE'DE 110 M2 3+1 SIFIR DAİRE,4.450.000,3 + 1,115 m,Sıfır Bina,3. Kat,"Maltepe, Altayçeşme Mahallesi"
,None,,None,,None,,3. Kat,None None
https://hecdn01.hemlak.com/mncropresize/182/137/ds01/7/5/3/2/3/7/9/3/f9219e2b-1511-428a-8a16-882d441b1aba.jpg,Daire,DEPREM SONRASI FINDIKLI’DA EVREN CAD.SATILIK 90M2 2+1,1.180.000,2 + 1,95 m,10 Yaşında,3. Kat,"Maltepe, Fındıklı Mahallesi"
https://hecdn01.hemlak.com/mncropresize/182/137/ds01/7/5/1/2/3/7/9/3/36a76639-2257-4495-aaa1-d2ee1729f38e.jpg,Daire,NİSH ADALAR SATILIK DENİZ MANZARALI 2+1B +1 LÜKS DAİRE,3.750.000,2 + 1,128 m,15 Yaşında,3. Kat,"Maltepe, Zümrütevler Mahallesi"
https://hecdn01.hemlak.com/mncropresize/182/137/ds01/9/8/2/6/7/2/9/3/1033f302-b12d-4c7c-a306-9cb099a5bfed.jpg,Villa,ÖZKAN GAYRİMENKUL ŞİLE ÇAVUŞ MAHALLESİ SATILIK VİLLA HAVUZLU MUSTAKİL 4+1,7.500.000,4 + 1,190 m,Sıfır Bina,3. Kat,"Şile, Çavuş Mahallesi"
,None,,None,,None,,3. Kat,None None
https://hecdn01.hemlak.com/mncropresize/182/137/ds01/3/3/3/2/7/8/9/3/bc16ca3b-c6c7-445a-971f-ac84a933ecdd.jpg,Daire,BAŞKENT YAPI'DAN BEYLİKDÜZÜ YAKUPLUDA METROBÜSE YAKIN SIFIR 2+1,2.000.000,2 + 1,115 m,1 Yaşında,3. Kat,"Beylikdüzü, Yakuplu Mahallesi"
https://hecdn01.hemlak.com/mncropresize/182/137/ds01/8/0/3/2/7/8/9/3/f700d5ac-e8ac-433f-8b1a-42d59a76ca6c.jpg,Daire,BEYLİKDÜZÜ BAŞKENT YAPI'DAN MANZARALI 2+1 SATILIK DAİRE,1.400.000,2 + 1,110 m,7 Yaşında,3. Kat,"Beylikdüzü, Cumhuriyet Mahallesi"
https://hecdn01.hemlak.com/mncropresize/182/137/ds01/1/9/7/0/3/8/9/3/1668784096-6519132-39830791.jpeg,Daire,ETHEMEFENDİ CADDESİNDE 5+1 DUBLEX ACİLİYETTEN,7.850.000,5 + 1,220 m,4 Yaşında,3. Kat,"Kadıköy, Erenköy Mahallesi"
,None,,None,,None,,3. Kat,None None
https://hecdn01.hemlak.com/mncropresize/182/137/ds01/3/8/6/4/7/8/9/3/9fe61677-70b7-4ea7-bc13-fa9683fa5ce3.jpg,Daire,3+1 - Metro'ya Yakın MUHTEŞEM KONUM FIRSAT - YATIRIMLIK DAİRE!!,2.750.000,3 + 1,125 m,21 Yaşında,3. Kat,"Ataşehir, Örnek Mahallesi"
https://hecdn01.hemlak.com/mncropresize/182/137/ds01/2/4/7/6/2/7/8/3/1650375161332-38726742.jpg,Daire,LUNAS'TAN CADDEBOSTAN SAHİLDE DENİZ MANZARALI 4+2 250 M2 NET DUBLEX,22.500.000,4 + 2,310 m,Sıfır Bina,3. Kat,"Kadıköy, Caddebostan Mahallesi"
https://hecdn01.hemlak.com/mncropresize/182/137/ds01/9/8/2/8/2/8/9/3/c333c025-286e-46db-94ff-ced88f28527a.jpg,Daire,ŞAHANE YAPI'DAN AYNI BİNADA BİRDEN FAZLA  ALTARNETİF SIFIR DAİRELER !!!,1.299.000,3 + 1,140 m,Sıfır Bina,3. Kat,"Beylikdüzü, Cumhuriyet Mahallesi"
,None,,None,,None,,3. Kat,None None
https://hecdn01.hemlak.com/mncropresize/182/137/ds01/4/5/1/3/5/7/9/3/88723438-a018-4d44-a2a6-055e556f6546.jpg,Daire,SUADİYE  Point'den SAHİLDE BALKONLU 3+1 BAHÇE KATI SATILIK DAİRE,7.985.000,3 + 1,125 m,35 Yaşında,3. Kat,"Kadıköy, Suadiye Mahallesi"
https://hecdn01.hemlak.com/mncropresize/182/137/ds01/8/4/2/5/0/8/9/3/e775029a-662e-4dae-8add-93f9913c75c1.jpg,Daire,DEMİREL GRUP'DAN 7000 KİRA GARANTİLİ 3+1 GENİŞ TERASLI SIFIR DUBLEKS !!!,1.189.999,3 + 1,180 m,Sıfır Bina,3. Kat,"Esenyurt, Necip Fazıl Kısakürek Mahallesi"
https://hecdn01.hemlak.com/mncropresize/182/137/ds01/5/7/9/5/7/8/9/3/ff1ac1c7-a66d-46ce-8da6-ca77c2977778.jpg,Daire,ŞAHANE YAPI'DAN PİYASANIN EMSALSİZ 2+1 MÜSTAKİL BAKÇELİ SÜPER DAİRE!!,629.000,2 + 1,110 m,Sıfır Bina,3. Kat,"Beylikdüzü, Cumhuriyet Mahallesi"
,None,,None,,None,,3. Kat,None None
https://hecdn01.hemlak.com/mncropresize/182/137/ds01/7/3/4/1/6/8/9/3/e9319db4-ffda-4508-87c0-972693cb18a0.jpg,Daire,ŞAHANE YAPI'DAN SİTE KONSEPTLİ 2+1 ARAKAT DAİRE FIRSATI !!,1.000.000,2 + 1,110 m,Sıfır Bina,3. Kat,"Beylikdüzü, Cumhuriyet Mahallesi"
,Daire,MERKEZİ BÖLGE YENİ KULLANIMA HAZIR 2+1 SATILIK FIRSAT DAİRE,679.000,2 + 1,110 m,4 Yaşında,Ara Kat,"Beylikdüzü, Cumhuriyet Mahallesi"
,Daire,İSTANBUL EMLAK'TAN ALTINTEPE'DE 2 YILLIK 2+1 BAHÇE TERASLI,3.000.000,2 + 1,100 m,2 Yaşında,Ara Kat,"Maltepe, Altıntepe Mahallesi"
,Daire,İSTANBUL EMLAK'TAN TEK YETKİLİ MİN'E 5.BİNADA LÜX FERAH 2.KAT,2.040.000,2 + 1,100 m,26 Yaşında,Ara Kat,"Maltepe, Bağlarbaşı Mahallesi"
https://hecdn01.hemlak.com/mncropresize/182/137/ds01/2/1/3/6/5/8/9/3/6d510961-1956-472d-a088-72dc9592b5d9.jpg,Daire,BAHÇEŞEHİR'DE SPRADON VADİ EVLERİNDE AMERİKAN MUTFAK 1+1,2.350.000,1 + 1,90 m,5 Yaşında,Ara Kat,"Başakşehir, Bahçeşehir 2. Kısım Mahallesi"
https://hecdn01.hemlak.com/mncropresize/182/137/ds01/7/2/6/1/9/8/9/3/72202a95-4c51-4c86-b93f-60bc6ee03404.jpg,Daire,0.99 FIRSATIYLA KREDİYE UYGUN 2+1 GENİŞ LUKS SATILIK DAİRE,995.000,2 + 1,115 m,Sıfır Bina,Ara Kat,"Esenyurt, Güzelyurt Mahallesi"
https://hecdn01.hemlak.com/mncropresize/182/137/ds01/6/5/5/7/7/8/9/3/ca832b60-e29c-48a0-a6ad-ede51f541ba9.jpg,Daire,ESENYURT TALATPAŞA'DA YÜKSEK KİRA GARANTİLİ SATILIK 3+2 TERS DUBLEX DAİRE,855.000,3 + 2,150 m,4 Yaşında,Ara Kat,"Esenyurt, Üçevler Mahallesi"
,None,,None,,None,,Ara Kat,None None
https://hecdn01.hemlak.com/mncropresize/182/137/ds01/1/2/5/7/7/8/9/3/5da48cb9-ec78-429e-b42d-bdbdda8da5c7.jpg,Daire,ESENYURT'TA METROBÜSE 10 DK YÜRÜME MESAFESİNDE YÜKSEK KİRA GARANTİLİ SATILIK DAİRE,1.169.000,2 + 1,105 m,2 Yaşında,Ara Kat,"Esenyurt, Güzelyurt Mahallesi"
https://hecdn01.hemlak.com/mncropresize/182/137/ds01/9/4/5/5/9/0/9/3/95368ade-3d55-4dd6-954e-da052eeda36f.jpg,Daire,AKATLAR MAYA SİTESİNDE 220 M2 4+1 TRİPLEKS DAİRE,18.000.000,4 + 140,220 m,32 Yaşında,Ara Kat,"Beşiktaş, Akat Mahallesi"
https://hecdn01.hemlak.com/mncropresize/182/137/ds01/1/5/0/3/1/7/6/3/3af0e15b-a2e0-4277-a70f-e83cc4a5442c.jpg,Daire,Bahçelievler soğanlı mah de satılık 2+1 tadilatlı daire,1.550.000,2 + 1,85 m,27 Yaşında,Ara Kat,"Bahçelievler, Soğanlı Mahallesi"
,None,,None,,None,,Ara Kat,None None
https://hecdn01.hemlak.com/mncropresize/182/137/ds01/2/8/5/1/9/8/9/3/02b4a516-3b60-48b3-b896-bcca81598594.jpg,Daire,KREDİYE UYGUN KIRAÇ MEYDANA YAKIN KAÇIRILMAYACAK 2+1 DAİRE FIRSATI !!,859.000,2 + 1,110 m,7 Yaşında,Ara Kat,"Esenyurt, İstiklal Mahallesi"
https://hecdn01.hemlak.com/mncropresize/182/137/ds01/1/4/5/1/9/8/9/3/20828a97-20c8-4c05-a207-e556495835b2.jpg,Daire,MERKEZİ KONUMDA KREDİYE UYGUN 3+1 ACİL SATILIK FIRSAT DAİRE,1.188.000,2 + 1,135 m,5 Yaşında,Ara Kat,"Beylikdüzü, Cumhuriyet Mahallesi"
https://hecdn01.hemlak.com/mncropresize/182/137/ds01/1/5/6/0/6/8/9/3/1e8bd682-0e03-4095-824e-c5ede271c7e1.jpg,Daire,Laika Emlaktan Yeşilköyde Deprem Sonrası Binada Satılık  4+1 260m2 Ara kat,17.500.000,4 + 1,260 m,12 Yaşında,Ara Kat,"Bakırköy, Yeşilköy Mahallesi"
,None,,None,,None,,Ara Kat,None None
https://hecdn01.hemlak.com/mncropresize/182/137/ds01/9/7/4/1/9/8/9/3/051e4c5f-a939-41a3-a6b1-ec48e6a70fbe.jpg,Daire,Laika Emlaktan Satılık Florya'da Butik Site İçerisinde 220m2 4+1 Temiz Ara kat,13.650.000,4 + 1,220 m,12 Yaşında,Ara Kat,"Bakırköy, Şenlikköy Mahallesi"
https://hecdn01.hemlak.com/mncropresize/182/137/ds01/7/5/8/8/4/7/9/3/67a94880-bd2b-478d-a30e-e725c312c8e1.jpg,Daire,MALTEPE FINDIKLI MAHALLESİNDE ATATÜRK CAD. İLE HANCIOĞLU CAD. ARASINDA EBEVEYN BANYOLU 3+1 ARA KAT,1.750.000,3 + 1,135 m,13 Yaşında,Ara Kat,"Maltepe, Fındıklı Mahallesi"
https://hecdn01.hemlak.com/mncropresize/182/137/ds01/7/3/4/1/9/8/9/3/5f5acf5c-31f4-4de8-9b48-e79ef5d5abcd.jpg,Daire,MERKEZİ LOKASYONDA 2+1 ULTRA GENİŞ & LÜX FIRSAT SATILIK DAİRE,679.000,2 + 1,105 m,3 Yaşında,Ara Kat,"Esenyurt, Üçevler Mahallesi"
,None,,None,,None,,Ara Kat,None None
https://hecdn01.hemlak.com/mncropresize/182/137/ds01/1/1/9/5/0/8/9/3/5cc1dbb0-406e-4786-81d5-587f63c9f803.jpg,Daire,ZEYTİNLİKDE  ÖNÜ AÇIK TERTEMİZ 2ODA1 SALON  1.KAT,2.700.000,2 + 1,85 m,30 Yaşında,Ara Kat,"Bakırköy, Zeytinlik Mahallesi"
https://hecdn01.hemlak.com/mncropresize/182/137/ds01/5/4/6/8/1/3/8/3/0a15a067-ebd4-4df7-9e8d-1df36c05b0e4.jpg,Daire,YENİVADİDE ÖNÜ AÇIK 3 ODA1 SALON,4.600.000,3 + 1,140 m,13 Yaşında,Ara Kat,"Bahçelievler, Yenibosna Merkez Mahallesi"
https://hecdn01.hemlak.com/mncropresize/182/137/ds01/8/4/2/4/2/1/9/3/e1f29579-90f5-495e-a76f-dc29a384a399.jpg,Daire,Avcılar Merkezde 3+2 Dubleks Daire,2.765.000,3 + 2,170 m,Sıfır Bina,Ara Kat,"Avcılar, Merkez Mahallesi"
,None,,None,,None,,Ara Kat,None None
https://hecdn01.hemlak.com/mncropresize/182/137/ds01/0/6/0/3/7/6/9/3/58fc6f45-1a61-4378-8637-d2d10b4ddd11.jpg,Daire,Avcılar Ambarlı Sitelerde Ön Cephe 2. Kat 2+1 Sıfır Daire,1.595.000,2 + 1,80 m,Sıfır Bina,Ara Kat,"Avcılar, Ambarlı Mahallesi"
,Daire,Adnan Kahveci Mahallesi Kolejler Bölgesi Harika konumda kısa katlı site içi 3+1,2.450.000,3 + 1,130 m,8 Yaşında,Ara Kat,"Beylikdüzü, Adnan Kahveci Mahallesi"
,Daire,FATİH FINDIKZADE  GİRİŞ KAT 3 ODA 1 SALON 145m2 KOMBİLİ 23 YILLIK BİNA KREDİYE UYGUN..,3.000.000,3 + 1,145 m,23 Yaşında,Ara Kat,"Fatih, Seyyid Ömer Mahallesi"
,Daire,M K PAŞA MAH CADDE ÜZERİ ÇİFT CEPHELİ ÖNÜ FULL AÇIK DENİZ MANZARALI,950.000,3 + 1,200 m,25 Yaşında,Ara Kat,"Avcılar, Mustafa Kemal Paşa Mahallesi"
https://hecdn01.hemlak.com/mncropresize/182/137/ds01/6/1/3/1/7/7/9/3/9fc56bf9-faa1-4163-a9cd-d90de3db85e6.jpg,Daire,KADIKÖY-BOSTANCI'DA 3+1 135M2 ULTRA LÜKS FIRSAT SATILIK ATİLLA EMLAK,3.850.000,3 + 1,135 m,35 Yaşında,Ara Kat,"Kadıköy, Bostancı Mahallesi"
https://hecdn01.hemlak.com/mncropresize/182/137/ds01/9/4/6/1/7/7/9/3/197cc0ca-f194-4d02-b183-809ebd781727.jpg,Daire,KADIKÖY-GÖZTEPE  TÜTÜNCÜ MEHMET EFENDİDE 3+1 SIFIR FIRSAT SATILIK ATİLLA EMLAK,8.750.000,3 + 1,130 m,Sıfır Bina,Ara Kat,"Kadıköy, Göztepe Mahallesi"
https://hecdn01.hemlak.com/mncropresize/182/137/ds01/9/3/9/0/7/8/9/3/5bf76755-70cb-4c63-845c-24eeadc11f2f.jpg,Daire,KADIKÖY-GÖZTEPE'DE 2+1 110M2 SIRIF EBEVEYN BANYOLU FIRSAT SATILIK DAİRE ATİLLA EMLAK'TAN,5.750.000,2 + 1,110 m,Sıfır Bina,Ara Kat,"Kadıköy, Göztepe Mahallesi"
,None,,None,,None,,Ara Kat,None None
https://hecdn01.hemlak.com/mncropresize/182/137/ds01/5/6/0/0/7/8/9/3/9d21b65d-58be-45b0-aa95-89557003e859.jpg,Daire,ULUS ARYA EVLERİ SİTESİ 4+1 SATILIK DAİRE - HAVUZ MANZ ARAKAT,29.250.000,4 + 1,220 m,18 Yaşında,Ara Kat,"Beşiktaş, Ulus Mahallesi"
https://hecdn01.hemlak.com/mncropresize/182/137/ds01/0/3/1/3/7/6/9/3/223ee3c5-b618-4fd5-b70a-3994b4c9a813.jpg,Daire,BEYLİKDÜZÜ ASRİVA YAPI'DA ULTRA LUX METEOBÜSE 7DK MESAFEDE DAİRE,1.345.000,2 + 1,110 m,Sıfır Bina,Ara Kat,"Beylikdüzü, Cumhuriyet Mahallesi"
https://hecdn01.hemlak.com/mncropresize/182/137/ds01/7/1/8/0/5/7/9/3/b68644a5-2964-4a0b-9891-4078939b6ea2.jpg,Daire,ASRİVA YAPI'DAN 145 M2 AİLE BİNASINDA 3+1 SATILIK DAİRE,1.249.000,3 + 1,150 m,Sıfır Bina,Ara Kat,"Beylikdüzü, Cumhuriyet Mahallesi"
,None,,None,,None,,Ara Kat,None None
https://hecdn01.hemlak.com/mncropresize/182/137/ds01/2/7/1/7/9/5/6/3/6fe942f6-623a-488c-b6bc-357da486c7d3.jpg,Daire,Nazar İnsaat Emlak Satılık Daire Deprem Sonası 4 Kat,1.680.000,2 + 1,95 m,20 Yaşında,Ara Kat,"Zeytinburnu, Seyitnizam Mahallesi"
https://hecdn01.hemlak.com/mncropresize/182/137/ds01/8/6/5/7/6/0/9/3/1656165981517-39067568.jpg,Daire,Nazar İnşaat Emlak Satılık Yeni Binada 2+1 Masrafsız Krediye Uygun,1.800.000,2 + 1,115 m,10 Yaşında,Ara Kat,"Zeytinburnu, Seyitnizam Mahallesi"
https://hecdn01.hemlak.com/mncropresize/182/137/ds01/5/6/4/4/5/8/9/3/e580f608-1b36-4c8d-840e-d1ba34e06608.jpg,Daire,Silivri MERDAN CADDE Sitesinde 3+1 Sıfır Satılık Daire,1.795.000,3 + 1,130 m,Sıfır Bina,Ara Kat,"Silivri, Yeni Mahallesi"
,None,,None,,None,,Ara Kat,None None
https://hecdn01.hemlak.com/mncropresize/182/137/ds01/9/1/8/5/8/8/9/3/617f1296-4310-4913-bf2b-62194d32631e.jpg,Daire,DEMİRELGRUP'DAN ESENYURT'DA MERKEZİ KONUMDA ACİL SATILIK 2+1 LÜKS DAİRE,710.000,2 + 1,120 m,Sıfır Bina,Ara Kat,"Esenyurt, Cumhuriyet Mahallesi"
https://hecdn01.hemlak.com/mncropresize/182/137/ds01/4/7/3/3/8/8/9/3/d88070e6-ca53-4d72-a987-917fc5522624.jpg,Daire,MARİ E-5 REZİDANS 1+1 / 2+1 FIRSAT DAİRELER  -  MARI E-5 RESIDENCE 1+1 / 2+1 OPPORTUNITY FLATS,2.240.000,1 + 1,76 m,Sıfır Bina,Ara Kat,"Kağıthane, Talatpaşa Mahallesi"
https://hecdn01.hemlak.com/mncropresize/182/137/ds01/1/9/7/6/7/8/9/3/80d95c7b-fb0e-4b30-a383-d87d0f43abcc.jpg,Daire,Etiler Dünya gözün arkası akıllı sistem yeni bina'da güvenlikli garajlı satılık daire,13.700.000,3 + 1,140 m,3 Yaşında,Ara Kat,"Beşiktaş, Etiler Mahallesi"
,None,,None,,None,,Ara Kat,None None
https://hecdn01.hemlak.com/mncropresize/182/137/ds01/3/9/2/1/6/8/9/3/e417a8af-af00-4830-9e9c-ed9b7ec6dc27.jpg,Daire,ŞAHANE YAPI'DAN FULL DİZAYN 3+1 GENİŞ KULLANIŞLI DAİRE!!,655.999,3 + 1,130 m,Sıfır Bina,Ara Kat,"Beylikdüzü, Cumhuriyet Mahallesi"
https://hecdn01.hemlak.com/mncropresize/182/137/ds01/4/9/7/0/4/4/9/3/a1c8b060-db27-4d8a-8b42-7a0e89c6b08b.jpg,Daire,DEMİRELGRUP'DAN METRO PROJESİNE 5 DAKİKA 2 KATLI DUBLEX DAİRE!!!,939.999,3 + 1,145 m,4 Yaşında,Ara Kat,"Esenyurt, Üçevler Mahallesi"
https://hecdn01.hemlak.com/mncropresize/182/137/ds01/4/2/1/9/5/1/9/3/1658253372321-39159124.jpg,Daire,ULUS LOTUS  EVLERINDE ÇATI DUBLEKS,33.500.000,5 + 1,350 m,13 Yaşında,Ara Kat,"Beşiktaş, Ulus Mahallesi"
,None,,None,,None,,Ara Kat,None None
https://hecdn01.hemlak.com/mncropresize/182/137/ds01/1/3/5/3/5/6/9/3/09e8346d-f407-4c30-bfa5-d0418070024b.jpg,Daire,1+1 - BALKONLU - BOŞ - YATIRIM VE İKAMET İZNİ İÇİN UYGUN,2.550.000,1 + 1,65 m,6 Yaşında,Ara Kat,"Beylikdüzü, Cumhuriyet Mahallesi"
,Daire,ANADOLU HİSARI ALYAP SİTESİNDE,4.500.000,3 + 1,140 m,30 Yaşında,2. Kat,"Beykoz, Anadolu Hisarı Mahallesi"
,Daire,Halkalı Atakent Manolya sitesinde satılık 84m2 daire,2.250.000,2 + 1,84 m,14 Yaşında,2. Kat,"Küçükçekmece, Atakent Mahallesi"
,Daire,ROTA 'DAN ULAŞIMA YÜRÜME MESAFESİNDE GENİŞ  2+1 SATILIK DAİRE,1.429.000,2 + 1,100 m,Sıfır Bina,2. Kat,"Beylikdüzü, Cumhuriyet Mahallesi"
https://hecdn01.hemlak.com/mncropresize/182/137/ds01/3/4/8/6/0/7/9/3/08441312-c902-4dca-9d3e-ba2610903e13.jpg,Daire,ROTA YAPI'DAN TAPU TESLİM ÖZEL TASARIMLI 2+1 SATILIK DAİRE,949.000,2 + 1,100 m,Sıfır Bina,2. Kat,"Beylikdüzü, Cumhuriyet Mahallesi"
https://hecdn01.hemlak.com/mncropresize/182/137/ds01/2/6/3/0/1/8/9/3/965cf936-396f-43aa-b64b-676099db9822.jpg,Daire,ACUNLAR'DAN OTURUMA HAZIR ŞIK TASARIMLI 2+1 SATILIK DAİRE,1.050.000,2 + 1,100 m,Sıfır Bina,2. Kat,"Beylikdüzü, Cumhuriyet Mahallesi"
https://hecdn01.hemlak.com/mncropresize/182/137/ds01/6/2/4/9/8/4/9/3/1663503253-237159-39489426.jpeg,Daire,Adnan Kahveci Mahallesi Kolejler Bölgesi Kısa Katlı Site İçi 2+1 Fırsat,1.580.000,2 + 1,90 m,8 Yaşında,2. Kat,"Beylikdüzü, Adnan Kahveci Mahallesi"
,None,,None,,None,,2. Kat,None None
https://hecdn01.hemlak.com/mncropresize/182/137/ds01/2/6/0/8/7/6/9/3/82665f9e-ee85-4e89-84e3-151b010b6ba2.jpeg,Daire,Kalamış sahilde 3+1 satılık daire,7.900.000,3 + 1,150 m,31 Yaşında,2. Kat,"Kadıköy, Fenerbahçe Mahallesi"
https://hecdn01.hemlak.com/mncropresize/182/137/ds01/2/1/4/4/9/5/9/3/8c00f3e8-93cd-4483-a76d-1320997a059f.jpg,Daire,BEYLİKDÜZÜ KAVAKLIDA SATILIK 2+2 150 M2 DUBLEKS DAİRE,1.765.000,3 + 1,150 m,4 Yaşında,2. Kat,"Beylikdüzü, Dereağzı Mahallesi"
https://hecdn01.hemlak.com/mncropresize/182/137/ds01/1/3/9/6/5/8/9/3/ad06e5a5-1840-4099-9277-912f8504915b.jpg,Daire,BEYKENT PINARTEPEDE ONE LİFE RESİDANCE 4+1 DUBLEX SATILIK DAİRE,4.260.000,4 + 1,220 m,5 Yaşında,2. Kat,"Büyükçekmece, Pınartepe Mahallesi"
,None,,None,,None,,2. Kat,None None
https://hecdn01.hemlak.com/mncropresize/182/137/ds01/4/5/6/6/7/8/9/3/1669549785-061441-39876654.jpeg,Daire,Beylikdüzü Yakuplu Mh Merkez Konumda Marinaya Komşu,3.750.000,3 + 1,150 m,Sıfır Bina,2. Kat,"Beylikdüzü, Adnan Kahveci Mahallesi"
https://hecdn01.hemlak.com/mncropresize/182/137/ds01/0/7/5/6/8/8/9/3/b1531cb8-2a83-4453-8826-4a90b64c3927.jpg,Daire,KELEPİR-AVCILAR DENİZKÖŞKLERDE 3+1-150M2-SATILIK DAİRE,1.590.000,3 + 1,150 m,30 Yaşında,2. Kat,"Avcılar, Denizköşkler Mahallesi"
https://hecdn01.hemlak.com/mncropresize/182/137/ds01/2/4/5/5/9/3/9/3/a4e813d0-9f34-42ee-8e00-bbc5bc32703f.jpg,Daire,DEMİRELGRUP'DAN ESENYURT MEYDAN'DA 2+1 BALKONLU DEKORLU GİRİŞ !!!,824.999,2 + 1,120 m,6 Yaşında,2. Kat,"Esenyurt, Bağlarçeşme Mahallesi"
,None,,None,,None,,2. Kat,None None
https://hecdn01.hemlak.com/mncropresize/182/137/ds01/5/9/2/9/6/7/9/3/1667834303490-39769295.jpg,Daire,ATALYA'DAN SİTE İÇERİSİNDE 2+1 SATILIK DAİRE,2.500.000,2 + 1,90 m,6 Yaşında,2. Kat,"Eyüpsultan, Karadolap Mahallesi"
https://hecdn01.hemlak.com/mncropresize/182/137/ds01/8/7/6/7/8/8/9/3/1669722420582-39887678.jpg,Daire,ATALYA'DAN Satılık 2+1 daire,800.000,2 + 1,80 m,24 Yaşında,2. Kat,"Gaziosmanpaşa, Yeni Mahalle Mahallesi"
https://hecdn01.hemlak.com/mncropresize/182/137/ds01/3/7/7/3/7/5/8/3/1647877234305-38573773.jpg,Daire,YEŞİLKÖY MERKEZ DE SAHİLE YÜRÜME MESAFESİNDE KÖŞE KONUMLU SATILIK 3+1..,6.000.000,3 + 1,145 m,30 Yaşında,2. Kat,"Bakırköy, Yeşilköy Mahallesi"
,None,,None,,None,,2. Kat,None None
https://hecdn01.hemlak.com/mncropresize/182/137/ds01/8/7/5/6/8/4/8/3/1646330525762-38486578.jpg,Daire,YEŞİLKÖY SAHİL DE ELİT SİTE İÇİN DE ARA KAT 220M2 LÜKS 4+1 EMSALSİZ SATILIK DAİRE..,19.600.000,4 + 1,265 m,7 Yaşında,2. Kat,"Bakırköy, Yeşilyurt Mahallesi"
https://hecdn01.hemlak.com/mncropresize/182/137/ds01/8/5/7/0/6/7/7/3/1633113456971-37760758.jpg,Daire,FLORYA OTLUKBEYİ SOKAK 6+2 LÜKS DUBLEKS KREDİYE UYGUN ..,13.500.000,6 + 2,450 m,22 Yaşında,2. Kat,"Bakırköy, Şenlikköy Mahallesi"
https://hecdn01.hemlak.com/mncropresize/182/137/ds01/6/4/6/6/7/8/9/3/bab20bde-13d0-468f-9da5-4d76f80d2906.jpg,Daire,BEYLİKDÜZÜ BAŞKENT YAPI'DAN SİTE İÇİ MANZARALI 2+1 SATILIK DAİRE,2.800.000,2 + 1,150 m,4 Yaşında,2. Kat,"Beylikdüzü, Cumhuriyet Mahallesi"
,None,,None,,None,,2. Kat,None None
https://hecdn01.hemlak.com/mncropresize/182/137/ds01/1/7/1/7/8/8/9/3/46fa822e-ef6e-4609-a25c-aed59c651035.jpg,Daire,MEGA WORLD'DEN SARIYER  KİLYOS'DA  MERKEZE YAKIN 2+1 BAHÇELİ DAİRE,2.500.000,2 + 1,130 m,15 Yaşında,2. Kat,"Sarıyer, Kumköy Mahallesi"
,Daire,Selamiçeşme Bağdat Caddesine Çok Yakın 3+1 Doğa Manzaralı 3 Yıllık Satılık Daire,10.950.000,3 + 1,145 m,3 Yaşında,11. Kat,"Kadıköy, Göztepe Mahallesi"
,Daire,Avcılar Ambarlı Yeni Belediye Yanı 3+1 Daire,1.335.000,3 + 1,120 m,27 Yaşında,11. Kat,"Avcılar, Ambarlı Mahallesi"
,Daire,Çapa Hastane Karşısı cadde üstünde satlık kelepir daire,3.600.000,3 + 1,160 m,35 Yaşında,11. Kat,"Fatih, Şehremini Mahallesi"
https://hecdn01.hemlak.com/mncropresize/182/137/ds01/8/7/3/5/1/3/9/3/ec9aec37-58c6-4b85-bfbb-adc9d632ad42.jpg,Daire,ХОРОШИЕ НОВОСТИ ДЛЯ СЕМЬЯ И МОЛОДОЖЕНЫОТ ОТ ОНДЖУ ГРУПП РОСКОШНАЯ КВАРТИРА 2+1!,499.000,2 + 1,120 m,2 Yaşında,11. Kat,"Esenyurt, Mevlana Mahallesi"
https://hecdn01.hemlak.com/mncropresize/182/137/ds01/4/8/6/0/0/8/9/3/d9ececfd-d2e6-4999-8db8-e6fe866f902e.jpg,Daire,ÖNCÜ GRUPTAN SİTE İÇİ SÜPER LÜKS SATILIK DAİRE,999.000,2 + 1,100 m,4 Yaşında,11. Kat,"Esenyurt, Talatpaşa Mahallesi"
https://hecdn01.hemlak.com/mncropresize/182/137/ds01/0/4/2/8/9/6/9/3/ad28270f-8d43-4be4-9b5b-f373d8af15f8.jpeg,Daire,DARÜŞŞAFAKA KILIÇ SİTESİNDE GÜNEY DOĞU CEPHELİ 145 M² FERAH 3+1,6.500.000,3 + 1,145 m,21 Yaşında,11. Kat,"Sarıyer, Darüşşafaka Mahallesi"
,None,,None,,None,,11. Kat,None None
https://hecdn01.hemlak.com/mncropresize/182/137/ds01/1/6/5/7/2/8/9/3/45149961-d438-4ab3-9dd0-d9f652b88739.jpg,Daire,KARTAL ORHANTEPE 1+1 SÜPER LÜKS YATIRIMLIK FOR-S GAYRİMENKUL,1.550.000,1 + 1,53 m,Sıfır Bina,11. Kat,"Kartal, Orhantepe Mahallesi"
https://hecdn01.hemlak.com/mncropresize/182/137/ds01/7/1/4/9/2/7/9/3/58c9f300-a0d5-4953-8e62-988731d93df5.jpg,Daire,Avcılar Merkezde Kentsel Dönüşüme Girmiş 3+1 Daire,930.000,3 + 1,120 m,Sıfır Bina,11. Kat,"Avcılar, Merkez Mahallesi"
https://hecdn01.hemlak.com/mncropresize/182/137/ds01/3/9/2/6/8/8/8/3/a809f767-9e40-451b-9733-6832ca99990e.jpg,Daire,KOŞUYOLU MESA YEŞİLVADİDE 2. KAT 3 + 1 OTOPARKLI ASANSÖRLÜ,6.950.000,3 + 1,160 m,20 Yaşında,11. Kat,"Üsküdar, Barbaros Mahallesi"
,None,,None,,None,,11. Kat,None None
https://hecdn01.hemlak.com/mncropresize/182/137/ds01/8/9/3/3/8/4/9/3/f742f821-4929-4983-bf64-7880f3b5e243.jpg,Daire,ARTI'dan Tek Yetkili Adatepe Sahilde Deniz Manzaralı Katta 3+1,3.650.000,3 + 1,135 m,19 Yaşında,11. Kat,"Maltepe, Feyzullah Mahallesi"
https://hecdn01.hemlak.com/mncropresize/182/137/ds01/1/7/5/2/8/8/9/3/1039a4d4-3c6e-41f0-9716-d48513456c4a.jpg,Daire,DEMİREL GRUP'DAN MERKEZİ LOKASYONDA ULAŞIMA YAKIN 3+1 SATILIK BAHÇEKAT!!!,779.999,3 + 1,130 m,Sıfır Bina,11. Kat,"Esenyurt, Cumhuriyet Mahallesi"
https://hecdn01.hemlak.com/mncropresize/182/137/ds01/3/0/9/8/9/3/9/3/54d90bfd-a269-41bc-89ff-34ee81410eb9.jpg,Daire,ARTI'dan TEK YETKİLİ İdealtepe Sahilde Marmaray'ın Yanı Başında,4.150.000,3 + 1,120 m,3 Yaşında,11. Kat,"Maltepe, İdealtepe Mahallesi"
,None,,None,,None,,11. Kat,None None
https://hecdn01.hemlak.com/mncropresize/182/137/ds01/1/2/9/3/4/4/9/3/4f11304b-bb9e-4be3-be7a-9982cbe8c06b.jpg,Daire,DEMİREL GRUP'DAN ESENYURT'DA BU HAFTAYA ÖZEL 3+1150 M2 SIFIR DAİRE!!,1.149.999,3 + 1,150 m,4 Yaşında,11. Kat,"Esenyurt, Cumhuriyet Mahallesi"
https://hecdn01.hemlak.com/mncropresize/182/137/ds01/0/4/6/8/7/6/9/3/1666336824102-39678640.jpg,Daire,Yesil ve Sakin bir daire,4.100.000,2 + 1,100 m,23 Yaşında,11. Kat,"Sarıyer, Darüşşafaka Mahallesi"
https://hecdn01.hemlak.com/mncropresize/182/137/ds01/6/6/6/6/6/8/9/3/41398f81-0a2c-40f9-bb6f-905f477bfe06.jpg,Residence,BÜYÜKYALI FOR SALE EMPTY SATILIK BOŞ 3.5+1 TR CITIZENSHIP,31.750.000,3 + 1,220 m,Sıfır Bina,11. Kat,"Zeytinburnu, Kazlıçeşme Mahallesi"
,None,,None,,None,,11. Kat,None None
https://hecdn01.hemlak.com/mncropresize/182/137/ds01/0/0/2/7/6/1/8/3/1640466269-124562-38167200.jpeg,Müstakil Ev,MÜSTAKİL TAPU ÇATALCA ÇANAKÇA 1470 M2,2.000.000,2 + 1,25 m,1 Yaşında,11. Kat,"Çatalca, Çanakça Mahallesi"
https://hecdn01.hemlak.com/mncropresize/182/137/ds01/7/3/2/4/8/8/9/3/1669667194-207717-39884237.jpeg,Daire,İŞTE FIRSAT… KANDİLLİDE ELİT VE BUTİK SİTEDE KEYFLİ ÇATI DUBLEXİ,9.900.000,4 + 1,235 m,8 Yaşında,11. Kat,"Üsküdar, Küçüksu Mahallesi"
https://hecdn01.hemlak.com/mncropresize/182/137/ds01/4/7/5/7/5/7/9/3/9014cd93-af0d-4947-a85c-d1b2136c6368.jpg,Daire,Gümüşsuyu 2+1 aydınlık ferah genel durumu temiz,3.340.000,2 + 1,90 m,40 Yaşında,11. Kat,"Beyoğlu, Gümüşsuyu Mahallesi"
,None,,None,,None,,11. Kat,None None
https://hecdn01.hemlak.com/mncropresize/182/137/ds01/5/7/9/0/8/8/9/3/99c66b05-5f68-4df5-bd3b-13e85f147705.jpg,Daire,ŞİŞLİ 19 MAYIS MAH. CEVAHİR AVM ARKASI SATILIK 3+1 DAİRE,8.900.000,3 + 1,140 m,16 Yaşında,11. Kat,"Şişli, 19 Mayıs Mahallesi"
,Daire,TUBA GAYRİMNKULDEN KİPTAŞ 3. ETAPTA 95M 2+1 SATILIK DAİRE,1.780.000,2 + 1,95 m,13 Yaşında,4. Kat,"Esenyurt, Orhan Gazi Mahallesi"
,Daire,TEK ADRES'ten EYÜP BEYAZ RESIDENCE'da SATILIK 3+1 ARAKAT DAİRE,6.000.000,3 + 1,165 m,11 Yaşında,4. Kat,"Eyüpsultan, Defterdar Mahallesi"
,Villa,ZEKARİYEKÖY VİP KONUTLARIN'DA GENİŞ BAHÇE KULLANIMLI VİLLA,12.250.000,5 + 1,330 m,21 Yaşında,4. Kat,"Sarıyer, Uskumruköy Mahallesi"
https://hecdn01.hemlak.com/mncropresize/182/137/ds01/0/2/2/2/1/3/9/3/014d1483-58dc-4de8-9fb1-6b60d88e8017.jpg,Daire,Kadıkoy Altıyola Yakın Dönüşüme Elverişli Catı Dubleksi,4.950.000,3 + 1,130 m,40 Yaşında,4. Kat,"Kadıköy, Osmanağa Mahallesi"
https://hecdn01.hemlak.com/mncropresize/182/137/ds01/6/1/6/1/6/3/9/3/1661434879265-39361616.jpg,Daire,SİLİVRİ MERKEZDE MASRAFSIZ DAİRE 3+1 117 M2,1.150.000,3 + 1,120 m,29 Yaşında,4. Kat,"Silivri, Alibey Mahallesi"
https://hecdn01.hemlak.com/mncropresize/182/137/ds01/3/4/1/8/3/5/9/3/0cf75be7-a674-48aa-8012-823389cd6afc.jpeg,Çiftlik Evi,#Yuşa'dan // 15 Dönüm İçerisinde Çiftlik // Ruhsatlı,20.000.000,10 + 4,400 m,3 Yaşında,4. Kat,"Silivri, Kadıköy Mahallesi"
,None,,None,,None,,4. Kat,None None
https://hecdn01.hemlak.com/mncropresize/182/137/ds01/6/6/4/9/4/9/8/3/ebbc7e0c-d16f-46a0-a9c6-1932864c1475.jpg,Daire,AİLE EMLAK'TAN SATILIK DENİZ MANZARALI DAİRE.,3.050.000,2 + 1,70 m,30 Yaşında,4. Kat,"Büyükçekmece, Fatih Mahallesi"
https://hecdn01.hemlak.com/mncropresize/182/137/ds01/4/7/6/1/8/8/9/3/018af547-ea1d-4336-9cf6-49cc2a94438d.jpg,Daire,▃SESS▃ Tek Yetkili İdealtepe' de 2.Katta Nida Parka Komşu 1+1!!!,2.185.000,1 + 1,55 m,3 Yaşında,4. Kat,"Maltepe, İdealtepe Mahallesi"
https://hecdn01.hemlak.com/mncropresize/182/137/ds01/0/8/6/6/7/8/9/3/1669550122-410843-39876680.jpeg,Daire,ŞİŞLİ HANIMEFENDİ SOKAKTA YATIRIMLIK 140m2  DAİRE,5.500.000,4 + 1,150 m,50 Yaşında,4. Kat,"Şişli, Merkez Mahallesi"
,None,,None,,None,,4. Kat,None None
https://hecdn01.hemlak.com/mncropresize/182/137/ds01/5/1/6/4/5/8/9/3/88ddc3bd-67cf-4827-b3df-990aea4e6946.jpg,Daire,TEK YETKİLİ ! F.BAHÇE AYANOĞLU CD.DE ORDUEVİNE SAHİLE BAĞDAT CD.MARMARAYA YAKIN 130M2 3+1,8.250.000,3 + 1,130 m,14 Yaşında,4. Kat,"Kadıköy, Fenerbahçe Mahallesi"
https://hecdn01.hemlak.com/mncropresize/182/137/ds01/7/8/6/9/7/7/9/3/57c08ae0-d541-4b59-85a8-f4d51e34a95e.jpg,Daire,YETİŞEN ALIYOR!!PİYASANIN EN KELEPİRİ!!!!,7.195.000,2 + 1,80 m,Sıfır Bina,4. Kat,"Beşiktaş, Akat Mahallesi"
https://hecdn01.hemlak.com/mncropresize/182/137/ds01/4/2/2/0/8/8/9/3/1dd24ad9-8000-4a71-9871-784ce989ac7f.jpg,Daire,İŞTE MANZARA!İŞTE KONUM!İŞTE FİYAT!!,16.550.000,3 + 1,170 m,35 Yaşında,4. Kat,"Beyoğlu, Gümüşsuyu Mahallesi"
,None,,None,,None,,4. Kat,None None
https://hecdn01.hemlak.com/mncropresize/182/137/ds01/1/2/9/9/7/8/9/3/1669625221051-39879921.jpg,Daire,Beşiktaş ta boğaz manzaralı 10 yaşında 200 m2 4+1 dublex SATILIK,21.950.000,4 + 1,220 m,10 Yaşında,4. Kat,"Beşiktaş, Ortaköy Mahallesi"
https://hecdn01.hemlak.com/mncropresize/182/137/ds01/1/5/4/7/7/8/9/3/6d3691fd-dace-439f-95ab-0e421a397867.jpg,Residence,ZORLU CENTER YANI ÇİFTÇİ TOWERS DA SATILIK 570 M2,93.000.000,7 + 2,570 m,Sıfır Bina,4. Kat,"Beşiktaş, Nisbetiye Mahallesi"
https://hecdn01.hemlak.com/mncropresize/182/137/ds01/5/9/3/7/7/8/9/3/1418110e-8c53-42c2-9508-a532c1659e59.jpg,Residence,LEVENT ÇİFTÇİ TOWER SATILIK C TİPİ 221m2 MANZARALI RESİDENCE,39.500.000,3 + 1,221 m,Sıfır Bina,4. Kat,"Beşiktaş, Nisbetiye Mahallesi"
,None,,None,,None,,4. Kat,None None
https://hecdn01.hemlak.com/mncropresize/182/137/ds01/0/2/3/7/7/8/9/3/6ade9a1d-e749-4587-958c-a399702bd603.jpg,Residence,ZORLU CENTER YANI ÇİFTÇİ TOWER DA MANZARALI SATILIK D TİPİ 349m2,60.000.000,5 + 1,360 m,Sıfır Bina,4. Kat,"Beşiktaş, Nisbetiye Mahallesi"
https://hecdn01.hemlak.com/mncropresize/182/137/ds01/1/0/0/2/6/8/9/3/c6a5bc9f-de1d-4140-bf58-28505bdb5b64.jpg,Daire,DEMİREL GRUP'DAN METRO PROJESİNE 3 DAKİKA 2+1 FIRSAT DAİRE!,1.099.000,3 + 1,145 m,3 Yaşında,4. Kat,"Esenyurt, Yenikent Mahallesi"
https://hecdn01.hemlak.com/mncropresize/182/137/ds01/4/4/4/3/8/6/9/3/393f45be-e8ec-41fc-86b3-61616adb20d8.jpg,Daire,GÜMÜŞSUYU BOLAHENK SOKAKTA OTOPARKLI BİNADA MODERN DAİRE,4.150.000,1 + 1,70 m,26 Yaşında,4. Kat,"Beyoğlu, Gümüşsuyu Mahallesi"
,None,,None,,None,,4. Kat,None None
https://hecdn01.hemlak.com/mncropresize/182/137/ds01/8/6/3/0/7/8/9/3/9c2e1c16-257c-4ac4-868f-39b8923dc2f3.jpeg,Residence,MAHMUT DEMİRHAN DAN KREDI LIMITSIZ 1+1 YABANCI SATISINA UYGUN,2.625.000,1 + 1,80 m,2 Yaşında,4. Kat,"Kartal, Orhantepe Mahallesi"
,Daire,KARTAL CEVİZLİ'DE YENİ ARAKAT 2+1 DAİRE,2.650.000,2 + 1,90 m,Sıfır Bina,4. Kat,"Kartal, Cevizli Mahallesi"
,Bina,"Deniz Manzaralı 450m2 Bahçe içinde 3,5 Katlı Harika Konumda Bina",12.500.000,11 + 4,500 m,40 Yaşında,4. Kat,"Büyükçekmece, Mimar Sinan Merkez Mahallesi"
,Daire,İSTANBUL GOP PİYERLOTİ  YÜRÜME MESAFESİ 5 DK YÜKSEK GİRİŞ VE KİRACILI SATILIK DAİRE,1.800.000,2 + 0,70 m,9 Yaşında,4. Kat,"Gaziosmanpaşa, Karlıtepe Mahallesi"
https://hecdn01.hemlak.com/mncropresize/182/137/ds01/9/7/9/4/9/3/9/3/1a205cd1-9d0b-4c48-af6c-facc56d1f833.jpg,Daire,Küçükçekmece Halkalı Atakent 1.etap net 95m2 8.Kat 2+1 Satılık Boş Daire address emlak,2.500.000,2 + 1,119 m,30 Yaşında,4. Kat,"Küçükçekmece, Atakent Mahallesi"
https://hecdn01.hemlak.com/mncropresize/182/137/ds01/3/3/6/0/2/8/9/3/ae6024e0-d9bf-459b-ac07-60f53f7dbc69.jpeg,Daire,CYK GAYRIMENKULDEN ÖRNEK MAHALLESINDE CADDE UZERINDE FIRSAT 2+1,1.965.000,2 + 1,80 m,5 Yaşında,4. Kat,"Ataşehir, Örnek Mahallesi"
https://hecdn01.hemlak.com/mncropresize/182/137/ds01/2/3/6/0/2/8/9/3/96d71c10-1f1c-40b7-8a09-ae2309258d2e.jpeg,Daire,CYK GAYRİMENKULDEN ARMAGAN EVLERDE METROYA YAKIN 2+1 90 M2 DAİ,1.375.000,2 + 1,90 m,16 Yaşında,4. Kat,"Ümraniye, Armağanevler Mahallesi"
,None,,None,,None,,4. Kat,None None
https://hecdn01.hemlak.com/mncropresize/182/137/ds01/5/1/8/7/9/6/9/3/86e644f1-3204-487a-8637-5da272c92fdd.jpg,Daire,"VALİKONAĞI CADDESİ, HARİKA KONUMDA YEŞİLLİKLERE BAKAN 140M2",7.500.000,3 + 1,140 m,40 Yaşında,4. Kat,"Şişli, Teşvikiye Mahallesi"
https://hecdn01.hemlak.com/mncropresize/182/137/ds01/6/3/6/0/2/8/9/3/47b88cce-e5bc-49e1-bb02-9324453b9e99.jpeg,Daire,CYK GAYRİMENKULDEN TEK YETKİLİ ŞİLE MERKEZ DE DENİZE YAKIN 2+1,1.500.000,2 + 1,90 m,2 Yaşında,4. Kat,"Şile, Çavuş Mahallesi"
https://hecdn01.hemlak.com/mncropresize/182/137/ds01/7/2/7/5/5/8/9/3/60e6feed-eca5-44e5-9fb9-18caf73980cc.jpg,Daire,Nef 2 Haliç 1+1 Loft Satılık Fırsat Daire,2.500.000,1 + 1,83 m,10 Yaşında,4. Kat,"Eyüpsultan, Topçular Mahallesi"
,None,,None,,None,,4. Kat,None None
https://hecdn01.hemlak.com/mncropresize/182/137/ds01/4/7/3/0/7/8/9/3/4ea8a532-bf25-40c6-a3fd-d0ddd82fc8c4.jpeg,Daire,MAHMUT DEMİRHAN DAN KREDİ LİMİTSİZ 4+2. DUBLEX,9.500.000,4 + 2,260 m,4 Yaşında,4. Kat,"Maltepe, Altıntepe Mahallesi"
https://hecdn01.hemlak.com/mncropresize/182/137/ds01/7/7/3/0/7/8/9/3/e855fc99-2547-4dc6-8010-4f54bf867a89.jpg,Daire,MAHMUT DEMİRHAN DAN KREDİ LİMİTSİZ CEVİZLİ MH. 3+1 DAİRE,2.950.000,3 + 1,145 m,11 Yaşında,4. Kat,"Kartal, Cevizli Mahallesi"
https://hecdn01.hemlak.com/mncropresize/182/137/ds01/5/9/1/2/5/4/9/3/590d5db2-eb7c-4a5a-a0e4-9b84f96f1459.jpeg,Daire,TARABYA AYDINEVLER MAHALLESİNDE TAPU TAHSİSLİ BAHÇE KATI DAİRE,1.200.000,1 + 1,70 m,26 Yaşında,4. Kat,"Sarıyer, Tarabya Mahallesi"
,None,,None,,None,,4. Kat,None None
https://hecdn01.hemlak.com/mncropresize/182/137/ds01/5/0/8/6/7/8/9/3/2e2b731e-1f51-439e-acbb-4e283ee9c401.jpg,Daire,BAŞKENT YAPI'DAN BEYLİKDÜZÜ YAKUPLUDA METROBÜSE 10DK SATILIK 2+2,1.490.000,2 + 2,115 m,4 Yaşında,4. Kat,"Beylikdüzü, Yakuplu Mahallesi"
https://hecdn01.hemlak.com/mncropresize/182/137/ds01/1/9/3/9/4/8/9/3/9bb06e8c-d470-481d-9959-fe64c11e3b0e.jpg,Daire,CEBECİ MAH 2+1 110M2 20 YILLIK KREDİYE UYGUN 2.KAT DAİRE,1.270.000,2 + 1,120 m,20 Yaşında,4. Kat,"Sultangazi, Cebeci Mahallesi"
https://hecdn01.hemlak.com/mncropresize/182/137/ds01/8/6/7/3/6/8/9/3/e03d594e-e230-4072-91b6-6795cb10a2c7.jpg,Daire,İSMETPAŞA MAH 2+2 180M2  13 YIILIK KREDİYE UYGUN DUBLEXS DAİRE,2.125.000,2 + 2,190 m,13 Yaşında,4. Kat,"Sultangazi, İsmetpaşa Mahallesi"
,None,,None,,None,,4. Kat,None None
https://hecdn01.hemlak.com/mncropresize/182/137/ds01/2/1/7/3/2/1/9/3/fbef10a6-dc0e-4747-918e-b540dd4e34ab.jpg,Daire,AKŞİT GAYRİMENKULDEN ALİPAŞA HAMAMININ DİBİNDE EN MERKEZİ KONUMDA 2+1 85 M2 DAİRE,1.760.000,2 + 1,85 m,35 Yaşında,4. Kat,"Fatih, Haseki Sultan Mahallesi"
https://hecdn01.hemlak.com/mncropresize/182/137/ds01/2/3/1/9/0/4/9/3/0eba8c18-0666-43cb-adc7-da8e2941a1b2.jpg,Daire,Küçükçekmece Atakent 3.etap net 71m2 Giriş kat 2+1 Satılık Daire address emlak,2.250.000,2 + 1,89 m,21 Yaşında,4. Kat,"Küçükçekmece, Atakent Mahallesi"
https://hecdn01.hemlak.com/mncropresize/182/137/ds01/8/3/6/3/7/8/9/3/3b90e8fc-d2c8-46a3-8821-0ac8351978e1.jpg,Daire,MERTERDE SATLIK 3+1 ASANSÖRLÜ 140 M2 DAİRE,3.500.000,3 + 1,150 m,30 Yaşında,4. Kat,"Fatih, Şehremini Mahallesi"
,None,,None,,None,,4. Kat,None None
https://hecdn01.hemlak.com/mncropresize/182/137/ds01/9/8/9/3/7/8/9/3/1669473590-579582-39873989.jpeg,Daire,"ÇİFTEHAVUZLAR,PAPATYALI SOKAKTA 4+1 DENİZ MANZARALI 181m2 SIFIR DAİRE",18.500.000,4 + 1,181 m,Sıfır Bina,4. Kat,"Kadıköy, Caddebostan Mahallesi"
,Daire,!!! SİMA YAPI'DAN ŞIK TASARIM YÜKSEK KİRA GARANTİLİ SATILIK 2+1 BAHÇE KAT !!!,635.000,2 + 1,110 m,1 Yaşında,Bahçe Katı,"Esenyurt, Akevler Mahallesi"
,Daire,"YAYLADA CADDE ÜZERİ 3+1,125m2 LÜX 2.KAT",1.850.000,3 + 1,125 m,37 Yaşında,Bahçe Katı,"Bahçelievler, Siyavuşpaşa Mahallesi"
,Daire,BEYLİKDÜZÜ SİMA YAPI'DAN BÖLGENİN EN AVANTAJLI SATILIK DAİRESİ !,575.000,2 + 1,105 m,Sıfır Bina,Bahçe Katı,"Esenyurt, Örnek Mahallesi"
https://hecdn01.hemlak.com/mncropresize/182/137/ds01/0/9/8/2/5/6/9/3/48602574-799c-41ef-9b41-2c210e07250e.jpg,Daire,ATAŞEHİR KAYIŞDAĞI MAHALLESİ 2+1 SATILIK YATIRIMLIK DAİRE,1.850.000,2 + 1,85 m,4 Yaşında,Bahçe Katı,"Ataşehir, Kayışdağı Mahallesi"
https://hecdn01.hemlak.com/mncropresize/182/137/ds01/0/4/4/4/3/9/8/3/b0505d48-48f8-4801-bced-15b4f234259b.jpg,Daire,HAFTANIN GENİŞ 2+1 BÜYÜK MUTFAKLI FIRSAT SATILIK LÜKS DAİRE,679.000,2 + 1,110 m,4 Yaşında,Bahçe Katı,"Beylikdüzü, Cumhuriyet Mahallesi"
https://hecdn01.hemlak.com/mncropresize/182/137/ds01/7/8/2/6/5/0/9/3/4ef727fb-1dfc-4d03-b78a-4da001d4b0f9.jpg,Daire,CADDE ÜZERİ KONUMDA KREDİYE UYGUN BAHÇE KAT 85 M2 SATILIK DAİRE,650.000,1 + 1,85 m,4 Yaşında,Bahçe Katı,"Beylikdüzü, Cumhuriyet Mahallesi"
,None,,None,,None,,Bahçe Katı,None None
https://hecdn01.hemlak.com/mncropresize/182/137/ds01/5/7/7/2/4/8/9/3/c7d3482f-cb38-4afc-9063-f0f0b93f7c4d.jpg,Daire,METROBÜSE YÜRÜME MESAFESİNDE SÜPER 2+1 SATILIK DAİRE,1.199.000,2 + 1,110 m,Sıfır Bina,Bahçe Katı,"Esenyurt, Güzelyurt Mahallesi"
https://hecdn01.hemlak.com/mncropresize/182/137/ds01/6/9/5/7/6/9/8/3/1654432803623-38967596.jpg,Daire,SUITABLE 4 CITIZENSHIP.SIFIR RESİDENCE 2+1 METROYA YAKIN. VATANDAŞLIĞA UYGUN,2.550.000,2 + 1,110 m,Sıfır Bina,Bahçe Katı,"Kağıthane, Merkez Mahallesi"
https://hecdn01.hemlak.com/mncropresize/182/137/ds01/1/3/6/7/6/8/9/3/15b20610-fe7e-4f12-a202-a94adf5abe50.jpg,Daire,İSTANBUL EMLAK'TAN SAHİLDE SIFIR EBEVEYNLİ 3+1 BALKONLU 3.KAT,4.280.000,3 + 1,130 m,Sıfır Bina,Bahçe Katı,"Maltepe, İdealtepe Mahallesi"
,None,,None,,None,,Bahçe Katı,None None
https://hecdn01.hemlak.com/mncropresize/182/137/ds01/9/1/2/0/1/3/9/3/1660656657-733664-39310219.jpeg,Daire,Kocamustafapaşa Çelik Emlak 1. 5 +1 yeni dekore  Satılık Daire,1.090.000,1 + 1,65 m,40 Yaşında,Bahçe Katı,"Fatih, Silivrikapı Mahallesi"
https://hecdn01.hemlak.com/mncropresize/182/137/ds01/4/1/7/6/4/3/9/3/1661241453556-39346714.jpg,Müstakil Ev,GÜMUŞYAKA DA MUHTEŞEM DENİZ MANZARALI SATILIK KÖŞE BAŞI VİLLA,3.550.000,4 + 2,320 m,4 Yaşında,Bahçe Katı,"Silivri, Gümüşyaka Mahallesi"
https://hecdn01.hemlak.com/mncropresize/182/137/ds01/9/2/9/6/9/7/9/3/46fd71f0-161a-405f-ba71-f9141504c18e.jpg,Daire,Valideçeşmede Süleyman Seba Caddesi Parelelinde Kombili 2+1Aktarlar Sokağında Ara Kat Çift Cepheli,3.300.000,2 + 1,90 m,42 Yaşında,Bahçe Katı,"Beşiktaş, Vişnezade Mahallesi"
,None,,None,,None,,Bahçe Katı,None None
https://hecdn01.hemlak.com/mncropresize/182/137/ds01/6/7/4/4/3/7/9/3/1667289658-33094-39734476.jpeg,Residence,Ömer Gül Emlakdan KUBİST PARK RESİDENCE’DA 2+1 DAİRE,3.450.000,2 + 1,96 m,10 Yaşında,Bahçe Katı,"Beylikdüzü, Adnan Kahveci Mahallesi"
https://hecdn01.hemlak.com/mncropresize/182/137/ds01/0/3/0/2/7/7/9/3/fe7b7403-9996-4ac6-a889-ea58d32ab9f4.jpg,Daire,YETKİLİ SUADİYE Point'den CADDEYE ÇOK YAKIN 5 YILLIK BİNA 95M2 2+1,5.250.000,2 + 1,95 m,5 Yaşında,Bahçe Katı,"Kadıköy, Suadiye Mahallesi"
https://hecdn01.hemlak.com/mncropresize/182/137/ds01/4/6/4/5/6/8/9/3/0c0f7806-3652-4eca-946f-5643e7ad71e8.jpg,Daire,ACİLL  YENİ BİNADA 2+1,2.450.000,2 + 1,70 m,5 Yaşında,Bahçe Katı,"Kağıthane, Sultan Selim Mahallesi"
,None,,None,,None,,Bahçe Katı,None None
https://hecdn01.hemlak.com/mncropresize/182/137/ds01/4/3/9/5/3/2/7/3/a1ccf650-bf0c-4675-8fd5-1971a60024a4.jpg,Daire,İstanbloom Residence da Boğaz Cepheli 2+1 Satilik Loft Daire,27.400.000,2 + 1,200 m,6 Yaşında,Bahçe Katı,"Şişli, Esentepe Mahallesi"
https://hecdn01.hemlak.com/mncropresize/182/137/ds01/5/9/1/7/2/6/9/3/bea3930a-3e89-4258-9c2c-9e89bffcbf74.jpg,Daire,TEŞVİKİYE İPEK SOKAKTA KAPALI OTOPARKLI SATILIK 3+1 DAİRE,8.450.000,3 + 1,135 m,30 Yaşında,Bahçe Katı,"Şişli, Teşvikiye Mahallesi"
https://hecdn01.hemlak.com/mncropresize/182/137/ds01/2/5/0/7/4/2/7/3/c1636373-567a-4878-975d-b7979a9c7625.jpg,Daire,ŞİŞLİ TEŞVİKİYE MAHALLESİ İPEK SOKAKTA 170m2 - 3+1 SATILIK DAİRE,7.990.000,3 + 1,190 m,25 Yaşında,Bahçe Katı,"Şişli, Teşvikiye Mahallesi"
,None,,None,,None,,Bahçe Katı,None None
https://hecdn01.hemlak.com/mncropresize/182/137/9/2/1/4/3/4/4/3/9e7facdc-26da-44f5-b7c7-33a7c45c10e5.jpg,Villa,Silivri Denizciler Sitesinde 3 katlı 340m2 bahçeli Satılık Villa,7.000.000,8 + 3,340 m,25 Yaşında,Bahçe Katı,"Silivri, Semizkumlar Mahallesi"
,Daire,BEŞİKTAŞ VİŞNEZADE'DE BOĞAZ MANZARALI SATILIK 2+1 BAKIMLI DAİRE,5.300.000,2 + 1,100 m,35 Yaşında,En Üst Kat,"Beşiktaş, Vişnezade Mahallesi"
,Daire,TEŞVİKİYE AV. SÜREYYA AĞAOĞLU SOKAKTA BAKIMLI SATILIK 3+1 DAİRE,6.750.000,3 + 1,130 m,35 Yaşında,En Üst Kat,"Şişli, Teşvikiye Mahallesi"
,Daire,▃BİRİKİM▃ İdealtepe'de Kaliteli Sıfır Binada 1.Kat Ön Lüks 3+1,4.130.000,3 + 1,130 m,Sıfır Bina,En Üst Kat,"Maltepe, İdealtepe Mahallesi"
https://hecdn01.hemlak.com/mncropresize/182/137/ds01/4/5/8/5/8/4/9/3/7f63ee74-711b-42e5-948b-4c61477ac992.jpg,Daire,▃BİRİKİM▃ Küçükyalı'da Kaliteli Sıfır Binada Lüks 3+1 Dubleks,3.710.000,3 + 1,165 m,Sıfır Bina,En Üst Kat,"Maltepe, Çınar Mahallesi"
https://hecdn01.hemlak.com/mncropresize/182/137/ds01/1/9/8/0/5/7/9/3/a110eddc-8044-471f-82d9-ece67545dc8b.jpg,Daire,▃BİRİKİM▃ TEK YETKİLİ !!! Adatepe Sahilde Lüks Yapılı 1.Kat 2+1,2.595.000,2 + 1,95 m,29 Yaşında,En Üst Kat,"Maltepe, Feyzullah Mahallesi"
https://hecdn01.hemlak.com/mncropresize/182/137/ds01/3/4/8/9/6/5/9/3/1beb4161-93d1-4fb6-acfb-ec95ee3e0bf0.jpg,Daire,▃BİRİKİM▃ TEK YETKİLİ ! Esenkent Damla Kent Sitesi'nde Lüx 2+1,1.700.000,2 + 1,100 m,12 Yaşında,En Üst Kat,"Maltepe, Esenkent Mahallesi"
,None,,None,,None,,En Üst Kat,None None
https://hecdn01.hemlak.com/mncropresize/182/137/ds01/6/2/2/2/4/8/9/3/3e3e26b6-4c4f-4928-acb0-1382608ae175.jpg,Daire,▃BİRİKİM▃ Altıntepe'de 3 Yıllık Butik Sitede 3.Kat Balkonlu 1+1,2.000.000,1 + 1,65 m,3 Yaşında,En Üst Kat,"Maltepe, Altıntepe Mahallesi"
https://hecdn01.hemlak.com/mncropresize/182/137/ds01/4/2/0/0/7/9/8/3/607eda8a-dfbf-4cce-a4cb-9c712bd5049e.jpg,Daire,▃BİRİKİM▃ TEK YETKİLİ !!! Müstakil Tadında Özel Dekorlu Lüks 2+1,2.375.000,2 + 1,120 m,9 Yaşında,En Üst Kat,"Maltepe, Aydınevler Mahallesi"
https://hecdn01.hemlak.com/mncropresize/182/137/ds01/3/9/5/0/5/8/8/3/d83ea085-55bf-42b7-8c7a-449446993539.jpg,Daire,BİRİKİM'den TEK YETKİLİ İdealtepe'de Şehir Manzaralı 3+1 Dubleks,3.990.000,3 + 1,160 m,6 Yaşında,En Üst Kat,"Maltepe, İdealtepe Mahallesi"
,None,,None,,None,,En Üst Kat,None None
https://hecdn01.hemlak.com/mncropresize/182/137/ds01/2/5/2/9/2/7/9/3/ddb10e72-19e3-42cc-9c2f-dd5cbccaf599.jpg,Daire,▃BİRİKİM▃ TEK YETKİLİ ! Küçükyalı Marmaray'a Yakın 3.Katta 3+1,2.650.000,3 + 1,135 m,29 Yaşında,En Üst Kat,"Maltepe, Küçükyalı Mahallesi"
https://hecdn01.hemlak.com/mncropresize/182/137/ds01/1/9/1/3/3/7/9/3/1667248271016-39733191.jpg,Daire,Levazım Adakent sitesinde çok bakımlı 3+1 önü açık ferah daire,6.750.000,3 + 1,120 m,40 Yaşında,En Üst Kat,"Beşiktaş, Levazım Mahallesi"
https://hecdn01.hemlak.com/mncropresize/182/137/ds01/0/3/6/0/3/8/9/3/eeed4f4d-cbd4-4207-bc9b-72696ee6b854.jpg,Daire,SIFIR BİNADA 10.000TL KİRA GETİRİLİ ARA KAT DAİRE.,1.920.000,2 + 1,85 m,1 Yaşında,En Üst Kat,"Şişli, Mecidiyeköy Mahallesi"
,None,,None,,None,,En Üst Kat,None None
https://hecdn01.hemlak.com/mncropresize/182/137/ds01/8/1/1/3/4/4/8/3/24ba4ce4-8c04-4046-a2a2-7b68e01062d3.jpg,Daire,BAHÇEŞEHİR LOKASYONUNDA GENİŞ 2+1 OTURUMA HAZIR SATILIK DAİRE,1.640.000,2 + 1,120 m,Sıfır Bina,En Üst Kat,"Başakşehir, Bahçeşehir 2. Kısım Mahallesi"
https://hecdn01.hemlak.com/mncropresize/182/137/ds01/4/4/7/1/6/8/9/3/92904b2c-c18b-4ae9-a7bb-3c06eaae1f5f.jpg,Daire,ŞAHANE YAPI'DAN SİTE İÇİERİSİNDE ÇOK ŞIK  2+1 DAİRE FIRSATI!!,1.000.000,2 + 1,120 m,Sıfır Bina,En Üst Kat,"Beylikdüzü, Cumhuriyet Mahallesi"
https://hecdn01.hemlak.com/mncropresize/182/137/ds01/7/8/3/8/6/8/9/3/a29c0e27-fb7c-4900-ae14-8d857fe7fbdd.jpg,Daire,METROBÜSE YAKIN  0.99 ORANIYLA KREDİYE UYGUN 2+1 SATILIK FIRSAT DAİRE,1.250.000,2 + 1,110 m,Sıfır Bina,En Üst Kat,"Beylikdüzü, Yakuplu Mahallesi"
,None,,None,,None,,En Üst Kat,None None
https://hecdn01.hemlak.com/mncropresize/182/137/ds01/5/1/3/8/6/8/9/3/c313e31c-a3fa-46e9-a435-7862c04663c2.jpg,Daire,BEYLİKDÜZÜ MASTER YAPI'DAN EBEVEYN BANYOLU 2+1 SATILIK DAİRE.,818.000,2 + 1,100 m,4 Yaşında,En Üst Kat,"Beylikdüzü, Beylikdüzü OSB Mahallesi"
https://hecdn01.hemlak.com/mncropresize/182/137/ds01/0/6/3/4/4/2/9/3/6ac7f90f-ad4d-4595-aae1-dcb649fa3c80.jpg,Daire,BAHÇEŞEHİR LOKASYONUNDA UYGUN 1+1 SATILIK BAHÇE KATI DAİRE,599.000,2 + 1,100 m,Sıfır Bina,En Üst Kat,"Başakşehir, Bahçeşehir 1. Kısım Mahallesi"
https://hecdn01.hemlak.com/mncropresize/182/137/ds01/8/0/0/2/0/4/8/3/dc80e6e0-c7d9-4b67-8829-5315fc6caca8.jpg,Daire,"7/24 GÜVENLİKLİ SİTEDE, METRO&TRAMWAY A YÜRÜME MESAFESİNDE YÜZME HAVUZU SATILIK 3+1",8.200.000,3 + 1,161 m,11 Yaşında,En Üst Kat,"Zeytinburnu, Seyitnizam Mahallesi"
,None,,None,,None,,En Üst Kat,None None
https://hecdn01.hemlak.com/mncropresize/182/137/ds01/0/3/9/6/5/8/9/3/1850416c-0604-4374-b43f-23c5c8b913f9.jpg,Daire,BÜYÜKÇEKMECE FATİH  MAH. SAHİLE YAKIN MERKEZİİ KONUMLU  15 YASINDA 3+1,2.710.000,3 + 1,130 m,15 Yaşında,En Üst Kat,"Büyükçekmece, Fatih Mahallesi"
